ID,Location,Track,Week,Rating (Num),Schedule Pacing,Year
134,San Francisco,"Apps, Explorer",1,3,3,2017
36,Los Angeles,Apps,1,4,4,2017
117,San Francisco,Games,1,4,1,2017
253,,,2,4,4,2017
350,New York City,"Apps, Explorer",1,4,3,2017
23,Redwood City,Apps,1,5,3,2017
28,Los Angeles,Apps,7,5,3,2017
65,San Francisco,Apps,1,5,2,2017
101,Santa Clara,Apps,1,5,2,2017
124,Santa Clara,Apps,1,5,3,2017
157,Redwood City,Apps,2,5,3,2017
170,Oakland,Apps,2,5,3,2017
255,San Francisco,Apps,2,5,5,2017
289,Washington DC,Apps,1,5,3,2017
299,Washington DC,"Apps, Explorer",1,5,2,2017
307,,,3,5,2,2017
319,Redwood City,Apps,3,5,3,2017
336,New York City,Apps,1,5,2,2017
441,San Francisco,"Apps, Explorer",3,5,3,2017
482,Santa Clara,Apps,3,5,3,2017
37,Los Angeles,Games,1,6,3,2017
41,Chicago,"Apps, Explorer",1,6,3,2017
45,Chicago,Apps,1,6,2,2017
47,Chicago,Apps,1,6,2,2017
77,San Francisco,Apps,1,6,4,2017
78,San Francisco,Apps,1,6,4,2017
94,San Francisco,"Apps, Explorer",1,6,3,2017
193,Santa Clara,Apps,2,6,3,2017
251,San Francisco,"Apps, Explorer",2,6,3,2017
254,San Francisco,Apps,2,6,5,2017
276,Santa Clara,Apps,2,6,3,2017
294,Washington DC,Apps,1,6,5,2017
314,Redwood City,Apps,3,6,2,2017
340,,,1,6,2,2017
347,New York City,Games,1,6,4,2017
349,New York City,Apps,1,6,3,2017
397,Santa Clara,Games,3,6,1,2017
429,Santa Clara,Apps,3,6,3,2017
438,San Francisco,"Apps, Explorer",3,6,3,2017
452,San Francisco,Apps,3,6,5,2017
455,San Francisco,"Apps, Explorer",3,6,3,2017
472,San Francisco,Apps,3,6,4,2017
484,Oakland,Apps,3,6,2,2017
489,,,1,6,2,2017
20,Redwood City,Apps,1,7,2,2017
26,Los Angeles,Apps,1,7,4,2017
35,Los Angeles,Apps,1,7,3,2017
38,Chicago,Apps,1,7,4,2017
48,San Francisco,VR,1,7,2,2017
62,San Francisco,Apps,1,7,4,2017
67,San Francisco,Apps,1,7,3,2017
72,San Francisco,Apps,1,7,4,2017
75,San Francisco,Apps,1,7,4,2017
85,Santa Clara,Apps,1,7,4,2017
87,San Francisco,Apps,1,7,4,2017
104,San Francisco,"Apps, Explorer",1,7,4,2017
107,San Francisco,Games,1,7,3,2017
118,San Francisco,"Apps, Explorer",1,7,3,2017
122,Santa Clara,Apps,1,7,3,2017
136,San Francisco,"Apps, Explorer",1,7,3,2017
140,San Francisco,"Apps, Explorer",1,7,4,2017
155,San Francisco,Apps,1,7,3,2017
162,Redwood City,Apps,2,7,3,2017
175,Chicago,Apps,2,7,2,2017
192,Santa Clara,Apps,2,7,3,2017
199,Santa Clara,Apps,2,7,4,2017
222,Los Angeles,Apps,2,7,4,2017
223,San Francisco,"Apps, Explorer",2,7,3,2017
226,San Francisco,"Apps, Explorer",2,7,3,2017
247,San Francisco,"Apps, Explorer",2,7,3,2017
249,San Francisco,Apps,2,7,4,2017
257,San Francisco,Apps,2,7,4,2017
258,San Francisco,Apps,2,7,4,2017
266,San Francisco,Apps,2,7,4,2017
270,San Francisco,Games,2,7,3,2017
287,Atlanta,"Apps, Explorer",2,7,4,2017
295,Washington DC,Apps,1,7,3,2017
305,Oakland,Apps,2,7,2,2017
318,Redwood City,Apps,3,7,3,2017
327,Redwood City,Apps,3,7,3,2017
329,Washington DC,Apps,2,7,3,2017
339,New York City,Apps,1,7,3,2017
343,New York City,Apps,1,7,2,2017
344,New York City,Games,1,7,3,2017
346,New York City,Games,1,7,3,2017
353,New York City,Apps,1,7,3,2017
375,Chicago,Apps,3,7,4,2017
380,Chicago,Apps,3,7,4,2017
385,Chicago,"Apps, Explorer",3,7,3,2017
400,Santa Clara,Apps,3,7,4,2017
443,Santa Clara,Apps,3,7,2,2017
446,San Francisco,Apps,3,7,3,2017
459,Santa Clara,Apps,3,7,4,2017
465,,,3,7,3,2017
486,Washington DC,Apps,2,7,5,2017
497,New York City,"Apps, Explorer",1,7,3,2017
8,Atlanta,"Apps, Explorer",1,8,3,2017
9,Atlanta,Apps,1,8,3,2017
10,Atlanta,"Apps, Explorer",1,8,3,2017
14,Atlanta,Apps,1,8,2,2017
16,Redwood City,Apps,1,8,2,2017
18,San Francisco,"Apps, Explorer",1,8,5,2017
21,Redwood City,Apps,1,8,2,2017
25,Redwood City,Apps,1,8,3,2017
29,Los Angeles,Apps,1,8,4,2017
31,Los Angeles,Games,1,8,4,2017
39,Chicago,Apps,1,8,4,2017
40,Chicago,Apps,1,8,3,2017
46,Chicago,"Apps, Explorer",1,8,3,2017
53,San Francisco,VR,1,8,3,2017
55,San Francisco,VR,1,8,3,2017
58,San Francisco,Apps,1,8,3,2017
61,San Francisco,Apps,1,8,4,2017
63,San Francisco,Apps,1,8,3,2017
74,San Francisco,"Apps, Explorer",1,8,2,2017
80,Santa Clara,Apps,1,8,3,2017
81,San Francisco,"Apps, Explorer",1,8,3,2017
83,Oakland,Apps,1,8,4,2017
84,Santa Clara,Games,1,8,3,2017
86,Santa Clara,Apps,1,8,3,2017
88,Santa Clara,Games,1,8,2,2017
90,Santa Clara,Apps,1,8,2,2017
91,Santa Clara,Apps,1,8,2,2017
92,Santa Clara,Games,1,8,3,2017
95,Santa Clara,"Apps, Explorer",1,8,3,2017
96,Santa Clara,Apps,1,8,3,2017
99,Santa Clara,"Apps, Explorer",1,8,3,2017
100,Santa Clara,"Apps, Explorer",1,8,3,2017
105,Oakland,Apps,1,8,4,2017
109,San Francisco,Games,1,8,3,2017
114,Santa Clara,Games,1,8,3,2017
115,San Francisco,Games,1,8,2,2017
121,San Francisco,Games,1,8,2,2017
125,Santa Clara,Games,1,8,3,2017
126,Oakland,Apps,1,8,4,2017
130,San Francisco,Apps,1,8,3,2017
132,San Francisco,Games,1,8,3,2017
133,San Francisco,Apps,1,8,4,2017
135,San Francisco,"Apps, Explorer",1,8,3,2017
137,San Francisco,"Apps, Explorer",1,8,2,2017
147,Santa Clara,Apps,1,8,4,2017
153,Santa Clara,Games,1,8,2,2017
159,Redwood City,Apps,2,8,2,2017
161,Redwood City,Apps,2,8,4,2017
163,Redwood City,Apps,2,8,4,2017
173,Chicago,Apps,2,8,3,2017
176,Chicago,"Apps, Explorer",2,8,4,2017
180,Santa Clara,Apps,2,8,4,2017
181,Santa Clara,Apps,2,8,4,2017
185,Santa Clara,"Apps, Explorer",2,8,3,2017
186,Santa Clara,Apps,2,8,4,2017
189,Santa Clara,Games,2,8,3,2017
194,Santa Clara,Apps,2,8,3,2017
196,Santa Clara,Apps,2,8,3,2017
198,Santa Clara,Apps,2,8,4,2017
200,Santa Clara,Apps,2,8,3,2017
202,Santa Clara,Games,2,8,3,2017
209,San Francisco,VR,2,8,4,2017
210,San Francisco,VR,2,8,3,2017
212,Los Angeles,Apps,2,8,2,2017
219,Los Angeles,Apps,2,8,3,2017
220,Los Angeles,Apps,2,8,4,2017
224,San Francisco,"Apps, Explorer",2,8,3,2017
232,Los Angeles,Apps,2,8,3,2017
233,Los Angeles,Games,2,8,3,2017
234,San Francisco,Games,2,8,3,2017
236,Santa Clara,"Apps, Explorer",2,8,3,2017
239,San Francisco,"Apps, Explorer",2,8,2,2017
242,San Francisco,Apps,2,8,4,2017
244,,,2,8,4,2017
245,San Francisco,"Apps, Explorer",2,8,3,2017
246,San Francisco,Apps,2,8,4,2017
248,San Francisco,Apps,2,8,3,2017
259,San Francisco,"Apps, Explorer",2,8,3,2017
260,San Francisco,Apps,2,8,3,2017
261,San Francisco,Apps,2,8,3,2017
267,Los Angeles,Apps,2,8,4,2017
272,San Francisco,Apps,2,8,3,2017
273,San Francisco,Apps,2,8,3,2017
274,San Francisco,Apps,2,8,3,2017
279,San Francisco,Apps,2,8,3,2017
280,Santa Clara,Apps,2,8,3,2017
285,Atlanta,Apps,2,8,3,2017
290,Washington DC,Apps,1,8,3,2017
293,Washington DC,Apps,1,8,3,2017
297,Washington DC,"Apps, Explorer",1,8,3,2017
302,Washington DC,Apps,1,8,2,2017
306,New York City,Apps,1,8,2,2017
308,San Francisco,Apps,3,8,3,2017
311,San Francisco,Apps,3,8,4,2017
312,San Francisco,Apps,3,8,4,2017
320,San Francisco,Apps,3,8,4,2017
321,Redwood City,Apps,3,8,3,2017
325,Washington DC,Apps,2,8,4,2017
326,Washington DC,"Apps, Explorer",2,8,4,2017
330,New York City,Apps,1,8,2,2017
331,New York City,Apps,1,8,3,2017
332,New York City,Apps,1,8,2,2017
333,New York City,"Games, Explorer",1,8,3,2017
334,New York City,Games,1,8,2,2017
335,New York City,Apps,1,8,3,2017
341,New York City,Apps,1,8,4,2017
342,New York City,Games,1,8,4,2017
345,New York City,Games,1,8,4,2017
352,Atlanta,Apps,3,8,3,2017
354,,,1,8,3,2017
355,Atlanta,"Apps, Explorer",3,8,3,2017
359,New York City,Apps,1,8,3,2017
360,New York City,Apps,1,8,3,2017
362,Atlanta,"Apps, Explorer",3,8,3,2017
365,New York City,Apps,1,8,3,2017
366,New York City,"Games, Explorer",1,8,3,2017
368,New York City,Games,1,8,3,2017
370,New York City,Apps,1,8,3,2017
372,San Francisco,Apps,3,8,4,2017
378,Chicago,Apps,3,8,4,2017
381,Chicago,Apps,3,8,3,2017
382,Chicago,Apps,3,8,3,2017
384,Chicago,"Apps, Explorer",3,8,3,2017
387,San Francisco,VR,3,8,2,2017
391,Santa Clara,Apps,3,8,4,2017
392,Santa Clara,Apps,3,8,3,2017
393,Santa Clara,Games,3,8,3,2017
394,Santa Clara,Apps,3,8,4,2017
396,Santa Clara,Games,3,8,2,2017
399,Santa Clara,"Apps, Explorer",3,8,3,2017
401,Santa Clara,Games,3,8,2,2017
404,Los Angeles,Apps,3,8,3,2017
408,Los Angeles,Apps,3,8,3,2017
410,Los Angeles,Games,3,8,4,2017
413,Los Angeles,Apps,3,8,4,2017
418,Los Angeles,Apps,3,8,4,2017
423,,,3,8,3,2017
424,San Francisco,Apps,3,8,3,2017
425,Santa Clara,Apps,3,8,4,2017
426,San Francisco,"Apps, Explorer",3,8,3,2017
427,Santa Clara,Games,3,8,3,2017
430,San Francisco,"Apps, Explorer",3,8,3,2017
431,San Francisco,Games,3,8,3,2017
433,San Francisco,"Apps, Explorer",3,8,3,2017
449,San Francisco,"Apps, Explorer",3,8,3,2017
450,San Francisco,"Apps, Explorer",3,8,3,2017
458,Washington DC,Apps,2,8,3,2017
460,San Francisco,Apps,3,8,4,2017
463,San Francisco,"Apps, Explorer",3,8,3,2017
468,Washington DC,Apps,2,8,4,2017
469,Washington DC,Apps,2,8,3,2017
471,San Francisco,Games,3,8,2,2017
481,Oakland,Apps,3,8,3,2017
488,New York City,Apps,1,8,3,2017
494,New York City,Apps,1,8,3,2017
498,New York City,Apps,1,8,4,2017
499,New York City,Apps,1,8,3,2017
501,New York City,"Apps, Explorer",1,8,4,2017
502,New York City,Apps,1,8,3,2017
504,New York City,Apps,1,8,3,2017
11,Atlanta,"Apps, Explorer",1,9,3,2017
15,Redwood City,Apps,1,9,3,2017
27,Los Angeles,Games,1,9,3,2017
30,Los Angeles,Apps,1,9,3,2017
32,Los Angeles,Apps,1,9,4,2017
33,Los Angeles,Games,1,9,3,2017
56,San Francisco,VR,1,9,3,2017
59,San Francisco,Apps,1,9,3,2017
60,San Francisco,Apps,1,9,3,2017
68,San Francisco,Apps,1,9,3,2017
69,San Francisco,Apps,1,9,3,2017
73,San Francisco,Apps,1,9,3,2017
79,Santa Clara,"Games, Explorer",1,9,3,2017
82,Santa Clara,Apps,1,9,4,2017
89,Santa Clara,Apps,1,9,4,2017
93,Santa Clara,"Games, Explorer",1,9,3,2017
98,Santa Clara,Apps,1,9,4,2017
102,Santa Clara,Apps,1,9,3,2017
103,Santa Clara,Games,1,9,3,2017
110,San Francisco,Games,1,9,4,2017
111,Santa Clara,Games,1,9,3,2017
112,San Francisco,Apps,1,9,4,2017
113,San Francisco,Games,1,9,4,2017
128,San Francisco,"Apps, Explorer",1,9,3,2017
131,San Francisco,Apps,1,9,3,2017
138,San Francisco,"Apps, Explorer",1,9,3,2017
148,San Francisco,Apps,1,9,3,2017
156,Redwood City,Apps,2,9,3,2017
167,Redwood City,Apps,2,9,3,2017
168,Redwood City,Apps,2,9,3,2017
169,Redwood City,Apps,2,9,4,2017
171,Chicago,Apps,2,9,4,2017
172,Chicago,Apps,2,9,3,2017
178,Chicago,"Apps, Explorer",2,9,4,2017
179,Santa Clara,Games,2,9,1,2017
182,Santa Clara,Games,2,9,2,2017
183,Santa Clara,"Apps, Explorer",2,9,3,2017
184,Santa Clara,Games,2,9,3,2017
188,Santa Clara,Games,2,9,3,2017
190,Santa Clara,Games,2,9,2,2017
191,Santa Clara,"Games, Explorer",2,9,3,2017
195,Santa Clara,"Games, Explorer",2,9,4,2017
197,Santa Clara,Apps,2,9,4,2017
201,San Francisco,VR,2,9,2,2017
204,San Francisco,VR,2,9,3,2017
211,San Francisco,VR,2,9,3,2017
215,Los Angeles,Apps,2,9,4,2017
218,Los Angeles,Games,2,9,3,2017
221,Los Angeles,Apps,2,9,3,2017
225,Los Angeles,Games,2,9,2,2017
228,Los Angeles,Apps,2,9,4,2017
229,Santa Clara,Apps,2,9,3,2017
230,Los Angeles,Games,2,9,3,2017
231,Oakland,Apps,2,9,3,2017
235,San Francisco,"Apps, Explorer",2,9,2,2017
240,San Francisco,Apps,2,9,3,2017
241,,,2,9,4,2017
243,San Francisco,Apps,2,9,3,2017
250,San Francisco,Games,2,9,3,2017
252,San Francisco,Apps,2,9,3,2017
262,San Francisco,"Apps, Explorer",2,9,2,2017
264,San Francisco,Apps,2,9,3,2017
265,San Francisco,Apps,2,9,4,2017
269,San Francisco,Games,2,9,3,2017
271,Atlanta,"Apps, Explorer",2,9,3,2017
277,Santa Clara,Apps,2,9,3,2017
278,San Francisco,Games,2,9,2,2017
286,Atlanta,"Apps, Explorer",2,9,4,2017
288,Washington DC,Apps,1,9,3,2017
298,Washington DC,"Apps, Explorer",1,9,3,2017
300,San Francisco,Games,2,9,3,2017
301,San Francisco,"Apps, Explorer",2,9,3,2017
304,San Francisco,Games,2,9,2,2017
309,San Francisco,Apps,3,9,3,2017
310,San Francisco,Apps,3,9,3,2017
313,Redwood City,Apps,3,9,3,2017
315,Redwood City,Apps,3,9,4,2017
316,Redwood City,Apps,3,9,3,2017
323,Washington DC,"Apps, Explorer",2,9,3,2017
324,Washington DC,Apps,2,9,2,2017
328,Redwood City,Apps,3,9,3,2017
337,New York City,Games,1,9,3,2017
361,Atlanta,"Apps, Explorer",3,9,3,2017
367,San Francisco,VR,3,9,3,2017
373,Chicago,Apps,3,9,3,2017
379,Chicago,"Apps, Explorer",3,9,3,2017
388,Santa Clara,Apps,3,9,3,2017
389,Santa Clara,Apps,3,9,3,2017
390,Santa Clara,Games,3,9,3,2017
395,Santa Clara,"Apps, Explorer",3,9,4,2017
398,Santa Clara,"Apps, Explorer",3,9,3,2017
403,Santa Clara,Apps,3,9,3,2017
405,Los Angeles,Apps,3,9,2,2017
415,Los Angeles,Apps,3,9,3,2017
419,Santa Clara,"Games, Explorer",3,9,3,2017
420,Los Angeles,Games,3,9,3,2017
421,Santa Clara,"Games, Explorer",3,9,4,2017
432,Santa Clara,Apps,3,9,3,2017
434,Santa Clara,Apps,3,9,3,2017
435,San Francisco,Games,3,9,3,2017
439,San Francisco,"Apps, Explorer",3,9,3,2017
442,San Francisco,"Apps, Explorer",3,9,4,2017
445,San Francisco,Games,3,9,3,2017
454,San Francisco,VR,3,9,3,2017
456,San Francisco,VR,3,9,4,2017
457,San Francisco,Apps,3,9,3,2017
461,San Francisco,Apps,3,9,3,2017
464,San Francisco,Apps,3,9,3,2017
466,San Francisco,Games,3,9,3,2017
470,San Francisco,Apps,3,9,4,2017
473,Oakland,Apps,3,9,3,2017
477,Oakland,Apps,3,9,3,2017
479,San Francisco,"Apps, Explorer",3,9,4,2017
480,Santa Clara,"Games, Explorer",3,9,3,2017
485,San Francisco,Games,3,9,3,2017
487,New York City,Apps,1,9,3,2017
490,New York City,Apps,1,9,3,2017
492,New York City,Apps,1,9,2,2017
495,New York City,Apps,1,9,3,2017
500,New York City,"Games, Explorer",1,9,3,2017
12,Atlanta,Apps,1,10,3,2017
13,Atlanta,"Apps, Explorer",1,10,3,2017
17,Redwood City,Apps,1,10,3,2017
19,Redwood City,Apps,1,10,3,2017
22,Redwood City,Apps,1,10,3,2017
24,Redwood City,Apps,1,10,4,2017
34,Los Angeles,Apps,1,10,3,2017
42,Chicago,Apps,1,10,3,2017
43,Chicago,"Apps, Explorer",1,10,3,2017
44,Chicago,Apps,1,10,4,2017
49,San Francisco,VR,1,10,3,2017
50,San Francisco,VR,1,10,2,2017
51,San Francisco,VR,1,10,4,2017
52,San Francisco,VR,1,10,3,2017
54,San Francisco,VR,1,10,3,2017
57,San Francisco,VR,1,10,3,2017
64,San Francisco,Apps,1,10,3,2017
66,San Francisco,Apps,1,10,3,2017
70,San Francisco,Apps,1,10,3,2017
71,San Francisco,Apps,1,10,3,2017
76,Oakland,"Apps, Explorer",1,10,3,2017
97,Santa Clara,"Apps, Explorer",1,10,4,2017
106,San Francisco,Games,1,10,3,2017
108,Santa Clara,Apps,1,10,4,2017
116,San Francisco,Games,1,10,3,2017
119,San Francisco,Games,1,10,3,2017
120,San Francisco,Games,1,10,4,2017
123,San Francisco,Games,1,10,2,2017
127,San Francisco,Games,1,10,3,2017
129,Oakland,Apps,1,10,3,2017
139,Oakland,Apps,1,10,2,2017
149,Los Angeles,Apps,1,10,3,2017
151,Los Angeles,Apps,1,10,3,2017
152,Los Angeles,Apps,1,10,3,2017
160,Redwood City,Apps,2,10,3,2017
174,Chicago,Apps,2,10,4,2017
187,Santa Clara,Apps,2,10,4,2017
203,San Francisco,VR,2,10,2,2017
205,San Francisco,VR,2,10,4,2017
206,San Francisco,VR,2,10,3,2017
207,San Francisco,VR,2,10,3,2017
208,San Francisco,VR,2,10,3,2017
213,Los Angeles,Apps,2,10,2,2017
214,Los Angeles,Apps,2,10,3,2017
216,Los Angeles,Apps,2,10,3,2017
227,Santa Clara,"Apps, Explorer",2,10,4,2017
237,Atlanta,Apps,2,10,3,2017
238,San Francisco,Apps,2,10,3,2017
256,San Francisco,"Apps, Explorer",2,10,4,2017
263,San Francisco,Apps,2,10,4,2017
281,Chicago,Apps,2,10,3,2017
282,San Francisco,Games,2,10,3,2017
283,Atlanta,Apps,2,10,3,2017
284,Atlanta,"Apps, Explorer",2,10,4,2017
291,Washington DC,Apps,1,10,3,2017
292,Washington DC,"Apps, Explorer",1,10,3,2017
296,Washington DC,Apps,1,10,3,2017
303,Oakland,Apps,2,10,4,2017
317,Redwood City,Apps,3,10,3,2017
322,Washington DC,"Apps, Explorer",2,10,3,2017
338,New York City,Apps,1,10,4,2017
348,San Francisco,VR,3,10,3,2017
351,Atlanta,Apps,3,10,3,2017
356,,,1,10,3,2017
357,New York City,Apps,1,10,3,2017
358,New York City,Apps,1,10,3,2017
363,Atlanta,Apps,3,10,3,2017
364,Atlanta,"Apps, Explorer",3,10,3,2017
369,San Francisco,VR,3,10,4,2017
371,Atlanta,Apps,3,10,3,2017
374,Chicago,Apps,3,10,4,2017
376,Chicago,Apps,3,10,3,2017
377,Chicago,Apps,3,10,3,2017
383,San Francisco,VR,3,10,3,2017
386,San Francisco,VR,3,10,3,2017
402,Santa Clara,Apps,3,10,3,2017
406,Los Angeles,Games,3,10,3,2017
407,Los Angeles,Apps,3,10,3,2017
409,Los Angeles,Apps,3,10,3,2017
411,Los Angeles,Apps,3,10,3,2017
412,Los Angeles,Games,3,10,3,2017
414,Los Angeles,Apps,3,10,3,2017
417,Los Angeles,Apps,3,10,3,2017
422,San Francisco,"Apps, Explorer",3,10,4,2017
428,Los Angeles,Apps,3,10,3,2017
436,San Francisco,Games,3,10,3,2017
437,San Francisco,Apps,3,10,3,2017
440,San Francisco,Games,3,10,3,2017
444,San Francisco,Apps,3,10,3,2017
447,San Francisco,Apps,3,10,3,2017
448,San Francisco,Games,3,10,4,2017
451,San Francisco,"Apps, Explorer",3,10,3,2017
453,San Francisco,Apps,3,10,3,2017
462,San Francisco,Apps,3,10,3,2017
474,Washington DC,Apps,2,10,3,2017
475,Oakland,Apps,3,10,3,2017
478,Santa Clara,Apps,3,10,3,2017
483,Santa Clara,Apps,3,10,4,2017
491,New York City,Apps,1,10,3,2017
493,New York City,"Apps, Explorer",1,10,3,2017
496,New York City,"Apps, Explorer",1,10,3,2017
503,New York City,"Apps, Explorer",1,10,3,2017
505,Los Angeles,Apps,3,9,4,2017
506,New York City,Apps,1,7,3,2017
507,New York City,Apps,1,7,3,2017
508,Santa Clara,"Apps, Explorer",3,8,3,2017
509,Oakland,"Apps, Explorer",3,7,3,2017
510,Oakland,Apps,3,10,4,2017
511,Santa Clara,Games,3,7,3,2017
512,San Francisco,Apps,3,9,3,2017
513,Oakland,Apps,3,8,4,2017
514,San Francisco,Games,3,8,3,2017
515,San Francisco,Apps,3,7,4,2017
516,San Francisco,"Apps, Explorer",3,7,3,2017
517,San Francisco,Games,3,8,3,2017
518,San Francisco,Games,3,10,3,2017
519,San Francisco,Games,3,10,2,2017
520,San Francisco,Games,3,10,2,2017
521,Oakland,"Apps, Explorer",3,10,3,2017
522,San Francisco,Apps,3,10,3,2017
523,New York City,Games,1,9,3,2017
524,San Francisco,Apps,3,8,4,2017
525,San Francisco,Apps,3,9,3,2017
526,San Francisco,Apps,3,8,3,2017
527,San Francisco,Games,3,9,4,2017
528,San Francisco,Apps,3,10,3,2017
529,Oakland,Apps,3,9,4,2017
530,San Francisco,Games,3,10,3,2017
531,San Francisco,"Apps, Explorer",3,7,3,2017
533,Santa Clara,Games,3,10,3,2017
534,New York City,"Apps, Explorer",1,8,3,2017
535,New York City,"Games, Explorer",1,10,3,2017
536,,,2,7,4,2017
537,Washington DC,Apps,2,10,4,2017
538,,,1,7,3,2017
539,Washington DC,"Apps, Explorer",2,6,3,2017
541,San Francisco,VR,3,8,3,2017
542,New York City,Apps,1,7,3,2017
543,New York City,Apps,1,8,3,2017
544,San Francisco,VR,3,10,3,2017
546,Santa Clara,Apps,3,8,3,2017
547,San Francisco,Games,2,9,3,2017
548,New York City,Apps,1,8,3,2017
549,San Francisco,Apps,3,9,3,2017
550,Hong Kong,"Apps, Explorer",1,7,4,2017
551,Hong Kong,"Apps, Explorer",1,8,3,2017
552,Hong Kong,"Apps, Explorer",1,7,4,2017
553,Hong Kong,"Apps, Explorer",1,5,3,2017
554,Hong Kong,Apps,1,9,2,2017
555,Hong Kong,"Apps, Explorer",1,7,3,2017
556,Santa Clara,Apps,4,8,3,2017
557,Santa Clara,"Apps, Explorer",4,8,3,2017
558,Santa Clara,"Apps, Explorer",4,8,3,2017
559,Santa Clara,Apps,4,9,3,2017
560,Santa Clara,Apps,4,7,3,2017
561,Santa Clara,Apps,4,5,3,2017
562,Santa Clara,Apps,4,9,3,2017
563,Santa Clara,Apps,4,7,4,2017
564,Santa Clara,Apps,4,7,3,2017
565,Santa Clara,Apps,4,10,3,2017
566,Santa Clara,"Games, Explorer",4,10,3,2017
567,Redwood City,Apps,4,9,3,2017
568,Redwood City,Apps,4,10,3,2017
569,Redwood City,Apps,4,7,3,2017
570,Redwood City,Apps,4,9,3,2017
571,Redwood City,Apps,4,10,3,2017
572,Redwood City,Apps,4,8,3,2017
573,Redwood City,Apps,4,9,3,2017
575,Washington DC,Apps,3,8,3,2017
576,Washington DC,"Apps, Explorer",3,9,4,2017
577,Washington DC,Apps,3,7,4,2017
578,Washington DC,Apps,3,9,3,2017
579,,,2,10,4,2017
580,New York City,Apps,2,10,3,2017
581,,,2,4,4,2017
582,New York City,Apps,2,7,4,2017
583,New York City,Apps,2,8,3,2017
584,New York City,Apps,2,8,3,2017
585,New York City,Apps,2,5,3,2017
586,New York City,Apps,2,8,4,2017
587,,,2,8,3,2017
588,New York City,Apps,2,9,2,2017
589,New York City,Apps,2,10,3,2017
590,New York City,Apps,2,8,2,2017
591,New York City,Apps,2,9,2,2017
592,New York City,Apps,2,6,3,2017
593,New York City,Apps,2,8,3,2017
594,New York City,Apps,2,9,2,2017
595,New York City,"Games, Explorer",2,9,3,2017
596,New York City,Apps,2,8,3,2017
597,New York City,Games,2,9,3,2017
598,New York City,Games,2,9,3,2017
599,New York City,Games,2,10,3,2017
600,,,2,6,4,2017
601,New York City,Apps,2,6,3,2017
602,New York City,Apps,2,9,3,2017
603,New York City,Apps,2,9,3,2017
604,New York City,Games,2,9,3,2017
605,New York City,"Games, Explorer",2,10,3,2017
606,New York City,"Apps, Explorer",2,7,3,2017
607,New York City,"Apps, Explorer",2,10,3,2017
608,,,2,0,5,2017
609,New York City,Games,2,8,3,2017
610,New York City,Games,2,10,3,2017
611,New York City,Apps,2,9,3,2017
612,New York City,"Apps, Explorer",2,10,3,2017
613,New York City,"Apps, Explorer",2,10,3,2017
614,New York City,Apps,2,10,4,2017
615,New York City,Apps,2,9,3,2017
616,New York City,"Games, Explorer",2,10,3,2017
617,New York City,"Apps, Explorer",2,9,3,2017
618,New York City,Games,2,7,3,2017
619,New York City,Games,2,9,3,2017
620,New York City,"Games, Explorer",2,7,3,2017
621,New York City,"Apps, Explorer",2,3,5,2017
622,New York City,Apps,2,5,3,2017
623,New York City,"Apps, Explorer",2,8,3,2017
624,Atlanta,Apps,4,9,3,2017
625,Atlanta,Apps,4,9,3,2017
626,,,4,10,3,2017
627,Redwood City,Apps,4,9,3,2017
628,Atlanta,"Apps, Explorer",4,10,4,2017
629,Atlanta,"Apps, Explorer",4,9,3,2017
630,New York City,Apps,2,8,3,2017
631,Atlanta,"Apps, Explorer",4,10,3,2017
632,Redwood City,Apps,4,8,3,2017
633,Chicago,Apps,4,10,4,2017
634,Chicago,Apps,4,8,3,2017
635,Chicago,Apps,4,9,3,2017
636,Chicago,Apps,4,9,4,2017
637,Chicago,Apps,4,9,4,2017
638,Chicago,Apps,4,8,3,2017
639,Chicago,"Apps, Explorer",4,7,3,2017
640,Oakland,Apps,4,7,4,2017
641,Los Angeles,Games,4,10,3,2017
642,Los Angeles,Apps,4,8,4,2017
643,Los Angeles,Games,4,10,3,2017
644,Oakland,Apps,4,9,3,2017
645,Los Angeles,Games,4,9,3,2017
646,Los Angeles,Games,4,10,3,2017
647,Los Angeles,Apps,4,8,2,2017
650,Santa Clara,"Apps, Explorer",4,8,3,2017
652,Santa Clara,Apps,4,9,3,2017
653,Santa Clara,Apps,4,9,3,2017
654,Santa Clara,Apps,4,9,3,2017
655,Los Angeles,Apps,4,10,3,2017
656,Los Angeles,Apps,4,10,3,2017
657,Los Angeles,Apps,4,9,3,2017
658,San Francisco,Apps,4,10,3,2017
659,San Francisco,Apps,4,8,3,2017
660,San Francisco,"Apps, Explorer",4,8,4,2017
661,San Francisco,Games,4,8,3,2017
662,San Francisco,Games,4,9,3,2017
663,San Francisco,Games,4,10,3,2017
664,San Francisco,Apps,4,6,3,2017
665,San Francisco,Games,4,8,3,2017
666,San Francisco,Apps,4,9,3,2017
667,San Francisco,Games,4,9,2,2017
668,San Francisco,Apps,4,8,4,2017
669,San Francisco,Apps,4,9,3,2017
670,San Francisco,Apps,4,7,4,2017
671,San Francisco,Apps,4,9,3,2017
672,Santa Clara,Games,4,8,3,2017
673,San Francisco,Games,4,9,3,2017
674,San Francisco,"Apps, Explorer",4,7,3,2017
675,San Francisco,VR,4,10,3,2017
676,San Francisco,"Apps, Explorer",4,8,5,2017
677,San Francisco,VR,4,8,3,2017
678,Santa Clara,Apps,4,8,3,2017
679,San Francisco,VR,4,6,4,2017
680,San Francisco,Apps,4,9,3,2017
681,San Francisco,"Apps, Explorer",4,7,3,2017
682,San Francisco,Apps,4,3,3,2017
683,San Francisco,VR,4,10,4,2017
684,San Francisco,VR,4,4,3,2017
685,Santa Clara,"Games, Explorer",4,9,4,2017
686,San Francisco,"Apps, Explorer",4,8,3,2017
687,San Francisco,VR,4,9,3,2017
688,San Francisco,VR,4,8,3,2017
689,San Francisco,Apps,4,7,3,2017
690,Santa Clara,Games,4,8,3,2017
691,Santa Clara,Apps,4,10,3,2017
692,Santa Clara,Games,4,7,3,2017
693,San Francisco,"Apps, Explorer",4,9,2,2017
694,San Francisco,Games,4,8,4,2017
695,San Francisco,"Apps, Explorer",4,10,3,2017
696,San Francisco,Apps,4,6,4,2017
697,Los Angeles,Apps,4,10,3,2017
698,San Francisco,"Apps, Explorer",4,8,5,2017
699,Santa Clara,Games,4,8,3,2017
700,San Francisco,Games,4,10,3,2017
701,San Francisco,"Apps, Explorer",4,7,3,2017
702,Santa Clara,Games,4,6,2,2017
703,San Francisco,Games,4,9,3,2017
704,San Francisco,VR,4,9,3,2017
705,San Francisco,Apps,4,8,4,2017
706,Santa Clara,Games,4,9,3,2017
707,San Francisco,Apps,4,5,3,2017
708,San Francisco,VR,4,10,3,2017
709,San Francisco,VR,4,7,4,2017
710,San Francisco,Apps,4,8,3,2017
711,Los Angeles,Apps,4,9,3,2017
712,San Francisco,"Apps, Explorer",4,3,3,2017
713,San Francisco,Apps,4,9,3,2017
714,Chicago,"Apps, Explorer",4,9,4,2017
715,Oakland,"Apps, Explorer",4,7,4,2017
716,San Francisco,"Apps, Explorer",4,4,3,2017
717,Los Angeles,Apps,4,9,4,2017
718,Los Angeles,Apps,4,8,3,2017
719,Washington DC,Apps,3,10,3,2017
720,San Francisco,Apps,4,10,3,2017
721,Santa Clara,Apps,4,8,3,2017
722,New York City,Apps,2,8,4,2017
723,San Francisco,Games,4,10,3,2017
724,San Francisco,"Apps, Explorer",4,8,3,2017
725,Oakland,Apps,4,9,2,2017
726,San Francisco,Apps,4,10,3,2017
727,San Francisco,"Apps, Explorer",4,10,3,2017
728,Oakland,Apps,4,7,2,2017
729,Chicago,Apps,4,10,3,2017
730,Oakland,Apps,4,8,3,2017
732,New York City,Apps,2,9,3,2017
733,New York City,Apps,2,8,4,2017
734,New York City,Apps,2,7,3,2017
735,New York City,Apps,2,10,3,2017
736,New York City,Apps,2,8,3,2017
737,New York City,"Apps, Explorer",2,10,3,2017
738,New York City,Apps,2,7,3,2017
739,,,2,7,4,2017
742,Santa Clara,Apps,4,8,3,2017
743,Santa Clara,Apps,4,8,3,2017
744,Santa Clara,Apps,4,7,3,2017
745,Santa Clara,Games,4,9,3,2017
746,Santa Clara,Games,4,10,3,2017
747,Redwood City,Apps,4,7,3,2017
748,Oakland,Apps,4,9,4,2017
749,Santa Clara,"Games, Explorer",4,7,3,2017
750,San Francisco,Games,4,10,3,2017
751,San Francisco,Games,4,9,3,2017
753,San Francisco,Apps,4,6,4,2017
754,New York City,Apps,2,9,3,2017
755,New York City,Apps,3,10,4,2017
756,New York City,Apps,2,8,3,2017
757,New York City,Apps,2,8,3,2017
758,New York City,Games,2,8,2,2017
759,San Francisco,Apps,4,5,4,2017
760,Oakland,"Apps, Explorer",4,10,3,2017
761,San Francisco,Apps,4,8,3,2017
762,New York City,Apps,2,10,3,2017
763,San Francisco,Apps,4,8,3,2017
764,San Francisco,Apps,4,9,3,2017
765,Hong Kong,"Apps, Explorer",2,6,2,2017
766,,,1,9,4,2017
767,Hong Kong,"Apps, Explorer",2,8,4,2017
768,Beijing,Apps,1,10,3,2017
769,Beijing,Apps,1,9,2,2017
770,Beijing,Apps,1,9,3,2017
771,Beijing,"Apps, Explorer",1,10,3,2017
772,Beijing,Apps,1,9,4,2017
773,Hong Kong,"Apps, Explorer",2,8,4,2017
774,Beijing,Apps,1,8,3,2017
775,Beijing,Apps,1,9,3,2017
776,Beijing,Apps,1,8,2,2017
777,Beijing,Apps,1,9,4,2017
778,Beijing,Apps,1,9,5,2017
779,Beijing,Apps,1,10,4,2017
780,Beijing,Apps,1,7,3,2017
781,Beijing,Apps,1,10,3,2017
782,Beijing,Apps,1,10,3,2017
783,Beijing,Apps,1,7,3,2017
784,Beijing,Apps,1,10,4,2017
785,Beijing,Apps,1,8,4,2017
786,Beijing,Apps,1,8,3,2017
787,Beijing,Apps,1,9,3,2017
788,Beijing,Apps,1,10,5,2017
789,Beijing,Apps,1,9,3,2017
790,Hong Kong,"Apps, Explorer",2,6,4,2017
791,Beijing,Apps,1,9,3,2017
792,Beijing,Apps,1,9,3,2017
793,Beijing,Apps,1,9,3,2017
794,Beijing,Apps,1,10,2,2017
795,Beijing,Apps,1,10,4,2017
796,Beijing,Apps,1,10,3,2017
797,Beijing,Apps,1,9,4,2017
798,Beijing,Apps,1,7,3,2017
799,Beijing,Apps,1,10,3,2017
800,Beijing,Apps,1,9,4,2017
801,Beijing,Apps,1,8,4,2017
802,Beijing,Apps,1,9,3,2017
803,Beijing,Apps,1,10,3,2017
804,Beijing,Apps,1,7,4,2017
805,Beijing,Apps,1,9,2,2017
806,Beijing,Apps,1,7,2,2017
807,Hong Kong,"Apps, Explorer",2,8,4,2017
808,Beijing,Apps,2,10,4,2017
809,Redwood City,Apps,5,7,3,2017
810,San Francisco,VR,5,10,3,2017
811,San Francisco,VR,5,10,3,2017
812,Redwood City,Apps,5,10,3,2017
813,Redwood City,Apps,5,10,3,2017
814,Redwood City,Apps,5,7,3,2017
815,Redwood City,Apps,5,8,3,2017
816,Redwood City,Apps,5,8,3,2017
817,Redwood City,Apps,5,10,3,2017
818,Oakland,Apps,5,10,3,2017
819,Washington DC,"Apps, Explorer",4,9,4,2017
820,Washington DC,"Apps, Explorer",4,9,3,2017
821,Atlanta,Apps,5,9,3,2017
822,Redwood City,Apps,5,9,3,2017
823,New York City,Apps,3,10,3,2017
824,New York City,Games,3,9,3,2017
825,New York City,"Apps, Explorer",3,10,3,2017
826,New York City,Games,3,8,3,2017
827,New York City,Apps,3,8,3,2017
828,New York City,"Games, Explorer",3,9,3,2017
829,New York City,Apps,3,10,3,2017
830,New York City,Apps,3,8,3,2017
831,Atlanta,"Apps, Explorer",5,9,3,2017
832,New York City,Apps,3,9,3,2017
833,New York City,"Apps, Explorer",3,1,5,2017
834,New York City,Apps,3,9,3,2017
835,New York City,Games,3,9,3,2017
836,New York City,"Apps, Explorer",3,8,3,2017
837,New York City,"Apps, Explorer",3,8,3,2017
838,New York City,Apps,3,9,2,2017
839,New York City,Apps,3,8,3,2017
840,New York City,Games,3,9,3,2017
841,New York City,Apps,3,8,3,2017
842,New York City,Apps,3,8,3,2017
843,New York City,Apps,3,8,3,2017
844,New York City,Apps,3,9,4,2017
845,New York City,Apps,3,3,4,2017
846,,,3,7,4,2017
847,New York City,Apps,3,9,4,2017
848,,,3,10,3,2017
849,Redwood City,Apps,5,9,3,2017
850,New York City,"Apps, Explorer",3,10,3,2017
851,New York City,Games,3,9,3,2017
852,New York City,"Apps, Explorer",3,10,3,2017
853,New York City,Apps,3,6,2,2017
854,New York City,Games,3,6,3,2017
855,New York City,"Games, Explorer",3,9,3,2017
856,New York City,Apps,3,9,3,2017
857,New York City,Apps,3,9,3,2017
858,New York City,Apps,3,8,4,2017
859,Atlanta,Apps,5,10,3,2017
860,New York City,Apps,3,7,3,2017
861,New York City,Apps,3,10,3,2017
862,New York City,Apps,3,10,3,2017
863,New York City,Apps,3,6,3,2017
864,New York City,Games,3,9,3,2017
865,New York City,"Games, Explorer",3,10,3,2017
866,New York City,"Games, Explorer",3,7,3,2017
867,Atlanta,Apps,5,9,3,2017
868,San Francisco,VR,5,10,3,2017
869,San Francisco,"Apps, Explorer",5,8,3,2017
870,Washington DC,Apps,4,8,3,2017
871,Chicago,Apps,5,9,4,2017
872,Chicago,Apps,5,10,3,2017
873,Chicago,Apps,5,9,4,2017
874,Chicago,Apps,5,10,4,2017
875,Chicago,Apps,5,7,3,2017
876,Chicago,"Apps, Explorer",5,7,4,2017
877,Chicago,Apps,5,8,3,2017
878,Chicago,Apps,5,8,3,2017
879,Chicago,Apps,5,9,4,2017
880,Chicago,"Apps, Explorer",5,8,3,2017
881,Oakland,Apps,5,8,3,2017
882,Oakland,"Apps, Explorer",5,10,3,2017
883,San Francisco,VR,5,10,3,2017
884,San Francisco,VR,5,9,3,2017
885,San Francisco,VR,5,10,3,2017
886,Los Angeles,Apps,5,10,3,2017
887,Los Angeles,Games,5,7,2,2017
888,Santa Clara,"Apps, Explorer",5,10,4,2017
889,Santa Clara,Apps,5,10,3,2017
890,Los Angeles,Games,5,10,3,2017
891,Los Angeles,Apps,5,10,3,2017
892,Los Angeles,Apps,5,6,2,2017
893,Los Angeles,Games,5,8,3,2017
894,Los Angeles,Apps,5,9,2,2017
895,Los Angeles,Apps,5,9,3,2017
896,Santa Clara,Apps,5,9,3,2017
897,San Francisco,Games,5,9,3,2017
898,San Francisco,Games,4,9,3,2017
899,San Francisco,"Apps, Explorer",5,8,3,2017
900,San Francisco,Apps,5,9,4,2017
901,San Francisco,Apps,5,10,3,2017
902,San Francisco,Games,5,8,3,2017
903,San Francisco,Games,5,10,4,2017
904,San Francisco,Apps,5,8,3,2017
905,San Francisco,"Apps, Explorer",5,7,3,2017
906,San Francisco,"Apps, Explorer",5,8,3,2017
907,San Francisco,Apps,5,10,3,2017
908,San Francisco,Games,5,9,4,2017
909,San Francisco,Games,5,10,4,2017
910,San Francisco,"Apps, Explorer",5,8,3,2017
911,San Francisco,Apps,5,8,3,2017
912,San Francisco,Apps,5,9,3,2017
913,San Francisco,Games,5,8,3,2017
914,San Francisco,Apps,5,9,3,2017
915,San Francisco,Games,5,8,3,2017
916,San Francisco,Apps,5,6,3,2017
917,San Francisco,"Apps, Explorer",5,8,4,2017
918,San Francisco,Apps,5,8,3,2017
919,,,5,9,4,2017
920,San Francisco,Apps,5,9,3,2017
921,Oakland,Apps,5,7,3,2017
922,Santa Clara,Games,5,8,3,2017
923,San Francisco,Apps,5,10,3,2017
924,San Francisco,Games,5,10,3,2017
925,San Francisco,"Apps, Explorer",5,10,3,2017
926,Santa Clara,Apps,5,7,3,2017
927,San Francisco,Apps,5,6,3,2017
928,San Francisco,Apps,5,6,3,2017
929,Santa Clara,Games,5,4,3,2017
930,Los Angeles,Games,5,8,3,2017
931,Los Angeles,Apps,5,8,3,2017
932,San Francisco,VR,5,10,3,2017
933,Oakland,Apps,5,9,3,2017
934,San Francisco,Games,5,9,2,2017
935,San Francisco,"Apps, Explorer",5,10,3,2017
936,Santa Clara,"Games, Explorer",5,8,3,2017
937,Oakland,Apps,5,7,4,2017
938,Santa Clara,Apps,5,7,3,2017
939,Santa Clara,"Games, Explorer",5,9,4,2017
940,Santa Clara,"Apps, Explorer",5,5,3,2017
941,Santa Clara,Apps,5,8,3,2017
942,Santa Clara,"Apps, Explorer",5,8,3,2017
943,San Francisco,Apps,5,7,3,2017
944,Santa Clara,Apps,5,9,4,2017
945,Santa Clara,Games,5,8,4,2017
946,Santa Clara,Games,5,9,4,2017
947,Santa Clara,Games,5,10,3,2017
948,San Francisco,"Apps, Explorer",5,8,3,2017
949,Santa Clara,Games,5,7,4,2017
950,Los Angeles,Apps,5,10,3,2017
951,Oakland,Apps,5,10,3,2017
952,Santa Clara,Apps,5,9,4,2017
953,Santa Clara,Games,5,9,3,2017
954,San Francisco,Apps,5,7,4,2017
955,Santa Clara,Apps,5,8,3,2017
956,Oakland,Apps,5,9,3,2017
957,San Francisco,Apps,5,9,3,2017
958,San Francisco,"Apps, Explorer",5,10,3,2017
959,San Francisco,Games,5,10,3,2017
960,New York City,Apps,3,10,3,2017
961,Santa Clara,Games,5,9,3,2017
962,San Francisco,Apps,5,10,3,2017
963,Washington DC,Apps,4,10,3,2017
964,Oakland,"Apps, Explorer",5,7,3,2017
965,San Francisco,"Apps, Explorer",5,9,3,2017
966,San Francisco,Apps,5,8,4,2017
967,Atlanta,"Apps, Explorer",4,10,4,2017
968,Redwood City,Apps,5,9,4,2017
969,Santa Clara,Apps,5,10,4,2017
970,Santa Clara,Apps,5,7,4,2017
971,Los Angeles,Apps,5,10,3,2017
973,New York City,"Apps, Explorer",3,7,3,2017
974,,,3,10,3,2017
975,New York City,Apps,3,7,3,2017
976,New York City,Apps,3,9,3,2017
977,New York City,Games,3,9,3,2017
978,New York City,Apps,3,8,3,2017
979,,,3,7,3,2017
980,New York City,Apps,3,8,3,2017
981,Atlanta,"Apps, Explorer",5,10,3,2017
982,Washington DC,Apps,3,6,4,2017
983,Santa Clara,Apps,5,9,3,2017
984,Santa Clara,Apps,5,9,3,2017
985,Santa Clara,Apps,5,8,3,2017
990,Santa Clara,Apps,5,8,3,2017
991,Santa Clara,Apps,5,8,4,2017
992,San Francisco,Apps,5,7,3,2017
993,New York City,"Apps, Explorer",3,9,3,2017
994,Chicago,"Apps, Explorer",5,10,3,2017
995,New York City,Apps,3,5,2,2017
996,San Francisco,"Apps, Explorer",5,10,3,2017
997,Washington DC,"Apps, Explorer",4,10,3,2017
998,Tokyo,Apps,1,4,5,2017
999,Beijing,Apps,2,8,3,2017
1000,Beijing,Apps,2,10,3,2017
1001,Beijing,Apps,2,8,4,2017
1002,,,2,9,3,2017
1003,Beijing,Apps,2,9,4,2017
1004,Beijing,Apps,2,9,4,2017
1005,Beijing,Apps,2,8,3,2017
1006,Beijing,Apps,2,7,3,2017
1007,Beijing,Apps,2,9,3,2017
1008,Beijing,Apps,2,9,2,2017
1009,Beijing,Apps,2,10,4,2017
1010,Beijing,Apps,2,9,4,2017
1011,Beijing,Apps,2,8,3,2017
1012,Beijing,Apps,2,10,3,2017
1013,Beijing,Apps,2,8,3,2017
1014,Beijing,"Apps, Explorer",2,10,3,2017
1015,Beijing,Apps,2,9,3,2017
1016,Beijing,Apps,2,8,4,2017
1017,Beijing,Apps,2,8,3,2017
1018,Beijing,Apps,2,8,4,2017
1019,Beijing,Apps,2,9,3,2017
1020,Beijing,Apps,2,8,3,2017
1021,Beijing,Apps,2,8,4,2017
1022,Beijing,Apps,2,10,3,2017
1023,Beijing,Apps,2,8,3,2017
1024,Beijing,Apps,2,10,3,2017
1025,Beijing,Apps,2,9,3,2017
1026,Beijing,Apps,2,9,4,2017
1027,Beijing,Apps,2,10,2,2017
1028,Beijing,Apps,2,10,4,2017
1029,Beijing,Apps,2,8,4,2017
1030,Beijing,Apps,2,8,3,2017
1031,Beijing,Apps,2,10,3,2017
1032,Beijing,Apps,2,9,3,2017
1033,Tokyo,Apps,1,9,3,2017
1034,Tokyo,Apps,1,4,4,2017
1035,Tokyo,Apps,1,8,4,2017
1036,Tokyo,Apps,1,9,3,2017
1037,Tokyo,Apps,1,5,4,2017
1038,Redwood City,Apps,6,7,3,2017
1039,San Francisco,VR,6,9,3,2017
1040,San Francisco,VR,6,10,3,2017
1041,Washington DC,Apps,5,7,3,2017
1042,Washington DC,Apps,5,10,3,2017
1043,Washington DC,"Apps, Explorer",5,9,4,2017
1044,San Francisco,VR,6,10,3,2017
1045,Redwood City,Apps,6,7,3,2017
1046,Redwood City,Apps,6,10,3,2017
1047,Redwood City,Apps,6,6,3,2017
1048,Redwood City,Apps,6,8,3,2017
1049,Redwood City,Apps,6,9,4,2017
1050,Redwood City,Apps,6,9,3,2017
1051,Washington DC,Apps,5,8,2,2017
1052,New York City,Games,4,10,3,2017
1053,New York City,Apps,4,10,2,2017
1054,New York City,Games,4,10,3,2017
1055,New York City,Games,4,9,2,2017
1056,New York City,Apps,4,4,4,2017
1057,New York City,Apps,4,8,3,2017
1058,New York City,Apps,4,7,3,2017
1059,New York City,Apps,4,8,3,2017
1060,New York City,Apps,4,8,3,2017
1061,New York City,Apps,4,8,3,2017
1062,New York City,Games,4,6,3,2017
1063,New York City,Apps,4,8,3,2017
1064,New York City,Apps,4,7,3,2017
1065,New York City,Games,4,9,3,2017
1066,New York City,Apps,4,9,3,2017
1067,New York City,"Apps, Explorer",4,8,3,2017
1068,New York City,Apps,4,9,3,2017
1069,New York City,Apps,4,10,3,2017
1070,New York City,"Apps, Explorer",4,7,5,2017
1071,New York City,Apps,4,9,4,2017
1072,New York City,Apps,4,8,3,2017
1073,New York City,Games,4,10,3,2017
1074,New York City,Apps,4,9,3,2017
1075,New York City,Apps,4,9,3,2017
1076,New York City,"Games, Explorer",4,8,3,2017
1077,New York City,Apps,4,8,3,2017
1078,New York City,"Games, Explorer",4,10,3,2017
1079,New York City,"Games, Explorer",4,10,3,2017
1080,New York City,Apps,4,7,3,2017
1081,Santa Clara,Apps,6,10,4,2017
1082,Santa Clara,Apps,6,8,3,2017
1083,Chicago,Apps,6,8,3,2017
1084,Chicago,Apps,6,9,4,2017
1085,Chicago,Apps,6,6,5,2017
1086,Chicago,Apps,6,10,3,2017
1087,Chicago,"Apps, Explorer",6,7,4,2017
1088,Chicago,"Apps, Explorer",6,7,3,2017
1089,New York City,"Games, Explorer",4,9,3,2017
1090,Los Angeles,Apps,6,9,3,2017
1091,Los Angeles,Apps,6,8,3,2017
1092,San Francisco,Games,6,8,3,2017
1093,San Francisco,Games,6,8,3,2017
1094,Los Angeles,Apps,6,10,3,2017
1095,San Francisco,Games,6,10,3,2017
1096,San Francisco,Apps,6,10,4,2017
1097,Los Angeles,Apps,6,7,3,2017
1098,Los Angeles,Apps,6,10,3,2017
1099,San Francisco,Apps,6,7,3,2017
1100,San Francisco,"Apps, Explorer",6,9,3,2017
1101,San Francisco,Apps,6,10,3,2017
1102,Los Angeles,Apps,6,10,3,2017
1103,Los Angeles,Games,6,9,3,2017
1104,Los Angeles,Apps,6,9,3,2017
1105,San Francisco,Apps,6,9,3,2017
1106,San Francisco,"Apps, Explorer",6,8,3,2017
1107,San Francisco,Apps,6,10,3,2017
1108,San Francisco,Apps,6,10,3,2017
1109,San Francisco,"Apps, Explorer",6,8,3,2017
1110,San Francisco,Apps,6,9,3,2017
1111,San Francisco,VR,6,10,3,2017
1112,San Francisco,Apps,6,8,3,2017
1113,San Francisco,Apps,6,8,2,2017
1114,Santa Clara,Apps,6,8,3,2017
1115,Santa Clara,Games,6,8,3,2017
1116,Santa Clara,Games,6,7,4,2017
1117,Santa Clara,Apps,6,9,3,2017
1118,Santa Clara,Apps,6,9,3,2017
1119,Santa Clara,"Apps, Explorer",6,9,3,2017
1120,Santa Clara,Games,6,8,3,2017
1121,Santa Clara,"Apps, Explorer",6,5,3,2017
1122,Los Angeles,Games,6,9,3,2017
1123,San Francisco,Apps,6,10,3,2017
1124,Los Angeles,Games,6,8,3,2017
1125,Santa Clara,Apps,6,9,4,2017
1126,Santa Clara,Apps,6,10,3,2017
1127,Santa Clara,Games,6,10,3,2017
1128,Santa Clara,Games,6,10,3,2017
1129,Santa Clara,Apps,6,9,4,2017
1130,San Francisco,"Apps, Explorer",6,9,3,2017
1131,Santa Clara,Games,6,9,3,2017
1132,San Francisco,VR,6,10,3,2017
1133,Los Angeles,Apps,6,7,3,2017
1134,San Francisco,Apps,6,9,3,2017
1135,Chicago,Apps,6,9,3,2017
1136,New York City,Apps,4,10,3,2017
1137,San Francisco,"Apps, Explorer",6,8,3,2017
1138,San Francisco,Apps,6,7,3,2017
1139,San Francisco,Apps,6,8,3,2017
1140,Oakland,Apps,6,9,3,2017
1141,San Francisco,Games,6,9,3,2017
1142,Tokyo,Apps,1,10,3,2017
1143,Santa Clara,Apps,6,8,3,2017
1144,Santa Clara,Apps,6,7,4,2017
1145,,,1,9,3,2017
1146,Tokyo,Apps,1,9,3,2017
1147,,,1,9,3,2017
1148,Tokyo,Apps,1,8,2,2017
1149,,,1,8,3,2017
1150,Tokyo,Apps,1,10,4,2017
1151,,,1,9,4,2017
1152,San Francisco,Apps,6,8,3,2017
1153,New York City,Apps,4,5,3,2017
1154,Tokyo,Apps,1,9,3,2017
1155,,,1,10,3,2017
1156,Tokyo,Apps,1,8,3,2017
1157,Tokyo,Apps,1,4,2,2017
1158,Tokyo,Apps,1,7,3,2017
1159,Tokyo,Apps,1,7,4,2017
1160,San Francisco,Apps,6,2,4,2017
1162,Tokyo,Apps,1,10,3,2017
1163,Tokyo,Apps,1,10,3,2017
1164,,,1,9,3,2017
1165,,,2,10,3,2017
1166,Tokyo,Apps,1,8,4,2017
1167,Los Angeles,Apps,6,8,3,2017
1168,Tokyo,Apps,1,8,3,2017
1170,Tokyo,Apps,1,8,4,2017
1171,Tokyo,Apps,1,10,3,2017
1172,Tokyo,Apps,1,10,3,2017
1173,Tokyo,Apps,1,7,4,2017
1174,Tokyo,Apps,1,10,3,2017
1175,Tokyo,Apps,1,10,3,2017
1176,Tokyo,Apps,1,8,3,2017
1177,New York City,"Apps, Explorer",4,5,4,2017
1178,New York City,Apps,4,10,3,2017
1179,New York City,Apps,4,8,3,2017
1180,New York City,"Apps, Explorer",4,8,3,2017
1181,New York City,Apps,4,5,3,2017
1182,New York City,"Apps, Explorer",4,8,3,2017
1183,New York City,Games,4,9,3,2017
1184,New York City,"Apps, Explorer",4,8,4,2017
1185,,,4,7,3,2017
1186,,,4,10,3,2017
1187,New York City,"Apps, Explorer",4,10,3,2017
1188,New York City,Apps,4,9,3,2017
1189,New York City,Apps,4,6,4,2017
1190,Chicago,"Apps, Explorer",6,9,4,2017
1191,New York City,Apps,4,9,3,2017
1192,New York City,Apps,4,10,3,2017
1193,Chicago,Apps,6,10,4,2017
1194,Chicago,Apps,6,9,3,2017
1195,Santa Clara,Apps,6,10,3,2017
1196,Santa Clara,"Games, Explorer",6,8,3,2017
1197,Santa Clara,"Apps, Explorer",6,10,3,2017
1198,Oakland,"Apps, Explorer",6,10,3,2017
1199,Oakland,Apps,6,9,3,2017
1200,Santa Clara,"Games, Explorer",6,10,4,2017
1201,Oakland,Apps,6,9,3,2017
1202,,,4,7,1,2017
1203,San Francisco,Apps,6,3,3,2017
1204,Santa Clara,Apps,6,9,3,2017
1206,Santa Clara,Apps,6,8,3,2017
1207,Santa Clara,Apps,6,10,3,2017
1208,Tokyo,Apps,1,10,4,2017
1209,New York City,Apps,4,6,3,2017
1210,New York City,Games,4,9,3,2017
1211,Santa Clara,Apps,6,8,3,2017
1212,Santa Clara,"Apps, Explorer",6,8,3,2017
1213,San Francisco,"Apps, Explorer",6,9,3,2017
1214,Tokyo,Apps,2,10,3,2017
1215,Tokyo,Apps,2,7,4,2017
1216,Tokyo,Apps,2,8,4,2017
1217,Tokyo,Apps,2,6,3,2017
1218,Tokyo,Apps,2,9,3,2017
1219,Tokyo,Apps,2,10,3,2017
1220,Tokyo,Apps,2,7,3,2017
1221,Tokyo,Apps,2,10,3,2017
1222,Tokyo,Apps,2,9,4,2017
1223,Tokyo,Apps,2,3,4,2017
1224,,,2,7,4,2017
1225,Tokyo,Apps,2,6,4,2017
1226,Tokyo,Apps,2,9,3,2017
1227,Tokyo,Apps,2,10,3,2017
1228,Tokyo,Apps,2,10,3,2017
1229,Tokyo,Apps,2,10,2,2017
1230,Tokyo,Apps,2,8,4,2017
1231,Tokyo,Apps,2,7,4,2017
1232,Tokyo,Apps,2,10,3,2017
1233,,,2,10,5,2017
1234,Tokyo,Apps,2,7,3,2017
1235,,,3,10,3,2017
1236,Tokyo,Apps,2,8,4,2017
1237,Tokyo,Apps,2,7,3,2017
1238,Tokyo,Apps,2,8,4,2017
1239,Tokyo,Apps,2,10,4,2017
1240,Tokyo,Apps,2,7,5,2017
1241,Tokyo,Apps,2,5,3,2017
1242,Tokyo,Apps,2,10,3,2017
1243,San Francisco,VR,7,7,4,2017
1244,San Francisco,VR,7,10,3,2017
1245,San Francisco,VR,7,10,4,2017
1246,San Francisco,VR,7,8,3,2017
1247,San Francisco,VR,7,10,3,2017
1248,San Francisco,VR,7,10,3,2017
1249,San Francisco,VR,7,9,3,2017
1250,Washington DC,"Apps, Explorer",6,8,4,2017
1251,Washington DC,Apps,6,8,3,2017
1252,Washington DC,Apps,6,9,2,2017
1253,Washington DC,"Apps, Explorer",6,7,3,2017
1254,Washington DC,"Apps, Explorer",6,7,4,2017
1255,New York City,Games,5,10,3,2017
1256,New York City,Apps,5,10,3,2017
1257,New York City,Apps,5,7,3,2017
1258,New York City,Games,5,10,3,2017
1259,New York City,Games,5,9,3,2017
1260,New York City,Apps,5,9,3,2017
1261,New York City,Apps,5,0,4,2017
1262,New York City,Apps,5,8,3,2017
1263,New York City,"Games, Explorer",5,10,3,2017
1264,New York City,"Apps, Explorer",5,8,4,2017
1265,New York City,"Games, Explorer",5,10,3,2017
1266,New York City,Apps,5,9,3,2017
1267,New York City,Apps,5,8,3,2017
1268,New York City,Apps,5,8,3,2017
1269,New York City,Apps,4,7,3,2017
1270,New York City,Games,5,9,3,2017
1271,New York City,Games,5,10,3,2017
1272,New York City,Apps,5,10,3,2017
1273,New York City,Apps,5,7,3,2017
1274,New York City,Apps,5,10,3,2017
1275,New York City,"Apps, Explorer",5,4,3,2017
1276,New York City,"Apps, Explorer",5,6,4,2017
1277,New York City,"Apps, Explorer",5,8,3,2017
1278,New York City,Games,5,9,3,2017
1279,New York City,"Apps, Explorer",5,10,3,2017
1280,New York City,Apps,5,5,3,2017
1281,,,5,10,3,2017
1282,New York City,Apps,5,7,3,2017
1283,New York City,Apps,5,8,3,2017
1284,New York City,"Games, Explorer",5,8,3,2017
1285,New York City,Games,5,10,3,2017
1286,New York City,Apps,5,5,3,2017
1287,New York City,"Games, Explorer",5,10,3,2017
1288,New York City,Apps,5,10,3,2017
1289,New York City,"Apps, Explorer",5,8,3,2017
1290,Chicago,Apps,7,9,4,2017
1291,Chicago,Apps,6,7,3,2017
1292,Chicago,"Apps, Explorer",5,8,3,2017
1293,Chicago,Apps,7,8,4,2017
1294,Chicago,Apps,7,10,3,2017
1295,Chicago,Apps,7,9,3,2017
1296,Chicago,Apps,7,10,3,2017
1297,Chicago,Apps,7,9,3,2017
1298,Oakland,Apps,7,9,3,2017
1299,Chicago,Apps,7,9,3,2017
1300,Chicago,"Apps, Explorer",7,7,3,2017
1301,Oakland,Apps,7,9,3,2017
1302,Redwood City,Apps,7,8,3,2017
1303,Oakland,Apps,7,7,4,2017
1304,Los Angeles,Apps,7,10,3,2017
1305,Los Angeles,Apps,7,8,3,2017
1306,Los Angeles,Games,7,7,4,2017
1307,Los Angeles,Apps,7,9,3,2017
1308,Los Angeles,Games,7,10,3,2017
1309,Santa Clara,Games,7,10,3,2017
1310,San Francisco,Apps,7,9,3,2017
1311,San Francisco,Apps,7,10,3,2017
1312,San Francisco,Apps,7,10,3,2017
1313,San Francisco,"Apps, Explorer",7,9,3,2017
1314,San Francisco,Apps,7,9,3,2017
1315,Santa Clara,Apps,7,10,3,2017
1316,Santa Clara,Apps,7,9,3,2017
1317,Santa Clara,Apps,7,7,4,2017
1318,Santa Clara,Apps,7,9,3,2017
1319,Santa Clara,Apps,7,8,5,2017
1320,Santa Clara,"Apps, Explorer",7,9,3,2017
1321,San Francisco,Apps,7,7,3,2017
1322,Santa Clara,Apps,7,10,3,2017
1323,Santa Clara,"Apps, Explorer",7,7,3,2017
1324,Santa Clara,Games,7,8,3,2017
1325,Los Angeles,Apps,7,10,3,2017
1326,San Francisco,Apps,7,9,3,2017
1327,Santa Clara,Apps,7,9,3,2017
1328,Santa Clara,Apps,7,9,3,2017
1329,Santa Clara,Apps,7,7,3,2017
1330,Santa Clara,Apps,7,9,4,2017
1331,Santa Clara,Apps,7,8,3,2017
1332,Santa Clara,Games,7,10,3,2017
1333,Santa Clara,Games,7,5,3,2017
1334,San Francisco,Apps,7,7,3,2017
1335,San Francisco,Apps,7,5,3,2017
1336,Los Angeles,Apps,7,9,3,2017
1337,San Francisco,Apps,7,9,3,2017
1338,Los Angeles,Apps,7,6,3,2017
1339,San Francisco,"Apps, Explorer",7,10,3,2017
1340,Santa Clara,Apps,7,9,3,2017
1341,San Francisco,Apps,7,6,3,2017
1342,San Francisco,Apps,7,10,3,2017
1343,Los Angeles,Apps,7,9,3,2017
1344,San Francisco,Apps,7,9,3,2017
1345,Los Angeles,Games,7,9,3,2017
1346,San Francisco,"Apps, Explorer",7,9,3,2017
1347,Los Angeles,Games,7,8,3,2017
1348,San Francisco,Apps,7,8,3,2017
1349,San Francisco,Apps,7,8,3,2017
1350,Santa Clara,Games,7,10,3,2017
1351,Santa Clara,Apps,7,8,4,2017
1352,San Francisco,Games,7,9,2,2017
1353,San Francisco,Apps,7,10,3,2017
1354,San Francisco,Apps,7,10,3,2017
1355,San Francisco,"Apps, Explorer",7,10,3,2017
1357,New York City,Apps,5,2,3,2017
1358,San Francisco,Apps,7,10,3,2017
1359,Beijing,Apps,3,10,3,2017
1360,Oakland,Apps,6,8,4,2017
1361,New York City,Apps,5,8,3,2017
1362,San Francisco,Apps,7,10,3,2017
1363,Oakland,Apps,7,8,3,2017
1364,Beijing,Apps,3,8,4,2017
1365,Beijing,Apps,3,10,3,2017
1366,Beijing,Apps,3,10,3,2017
1367,Beijing,Apps,3,10,3,2017
1369,New York City,Games,5,8,3,2017
1370,Tokyo,Apps,2,10,2,2017
1371,Santa Clara,Apps,7,9,3,2017
1372,Santa Clara,Apps,7,9,3,2017
1373,Beijing,Apps,3,10,3,2017
1374,New York City,Games,5,9,3,2017
1375,New York City,Apps,5,9,3,2017
1376,Tokyo,Apps,2,7,2,2017
1377,New York City,Apps,5,7,3,2017
1378,New York City,Apps,5,8,3,2017
1380,New York City,Apps,5,7,3,2017
1381,New York City,Apps,5,9,3,2017
1382,,,5,5,3,2017
1383,New York City,Apps,5,9,5,2017
1384,Beijing,Apps,3,9,3,2017
1385,New York City,"Apps, Explorer",5,9,3,2017
1386,New York City,Apps,5,6,2,2017
1387,,,2,10,3,2017
1388,Santa Clara,"Games, Explorer",7,8,3,2017
1389,Santa Clara,"Apps, Explorer",7,9,4,2017
1390,San Francisco,Apps,7,10,3,2017
1391,Los Angeles,Apps,7,9,3,2017
1392,San Francisco,Apps,7,8,3,2017
1393,Los Angeles,Apps,7,9,4,2017
1394,New York City,Apps,5,6,3,2017
1395,New York City,Apps,5,9,3,2017
1396,San Francisco,Games,7,9,3,2017
1397,Oakland,Apps,7,9,3,2017
1398,San Francisco,"Apps, Explorer",7,7,3,2017
1399,Tokyo,Apps,3,6,3,2017
1400,Tokyo,Apps,3,9,4,2017
1401,San Francisco,VR,8,10,3,2017
1402,New York City,Apps,6,9,3,2017
1403,New York City,Apps,6,6,3,2017
1404,New York City,Apps,6,8,3,2017
1405,New York City,Apps,6,10,3,2017
1406,New York City,"Apps, Explorer",6,8,3,2017
1407,New York City,Apps,6,7,3,2017
1408,New York City,Games,6,10,3,2017
1409,New York City,Apps,6,10,3,2017
1410,New York City,Apps,6,7,4,2017
1411,New York City,Games,6,10,3,2017
1412,New York City,Apps,6,9,3,2017
1413,New York City,"Games, Explorer",6,10,3,2017
1414,New York City,Games,6,8,3,2017
1415,New York City,Apps,6,8,3,2017
1416,New York City,Games,6,10,3,2017
1417,New York City,Apps,6,8,3,2017
1418,New York City,Apps,6,8,3,2017
1419,New York City,Apps,6,10,3,2017
1420,New York City,Games,6,10,3,2017
1421,New York City,Games,6,10,3,2017
1422,New York City,Apps,6,8,3,2017
1423,New York City,Apps,6,6,5,2017
1424,New York City,Games,6,9,3,2017
1425,New York City,Apps,6,8,3,2017
1426,New York City,Apps,6,10,3,2017
1427,New York City,Apps,6,8,3,2017
1428,New York City,Apps,6,8,4,2017
1429,New York City,Apps,6,9,3,2017
1430,New York City,"Games, Explorer",6,10,3,2017
1431,New York City,Games,6,10,3,2017
1432,New York City,Apps,6,8,4,2017
1433,New York City,"Apps, Explorer",6,7,4,2017
1434,New York City,Apps,6,6,3,2017
1435,New York City,"Games, Explorer",6,7,3,2017
1436,New York City,"Apps, Explorer",6,10,3,2017
1437,New York City,"Apps, Explorer",6,8,3,2017
1438,New York City,Apps,6,7,4,2017
1439,New York City,"Games, Explorer",6,10,3,2017
1440,New York City,Apps,6,8,3,2017
1441,New York City,Apps,6,9,3,2017
1442,Los Angeles,Games,8,7,5,2017
1443,Los Angeles,Apps,8,9,3,2017
1444,Los Angeles,Games,8,9,3,2017
1445,Los Angeles,Apps,8,10,3,2017
1446,Los Angeles,Games,8,9,2,2017
1447,Los Angeles,Apps,8,10,3,2017
1448,Tokyo,Apps,3,9,4,2017
1449,Tokyo,Apps,3,10,3,2017
1450,Tokyo,Apps,3,10,3,2017
1451,New York City,"Apps, Explorer",6,8,3,2017
1452,,,7,7,3,2017
1453,New York City,"Apps, Explorer",6,10,3,2017
1454,Washington DC,"Apps, Explorer",7,5,3,2017
1455,New York City,Apps,6,8,3,2017
1456,New York City,Apps,6,10,3,2017
1457,,,6,10,3,2017
1459,Tokyo,Apps,3,9,3,2017
1460,Tokyo,Apps,3,9,4,2017
1461,New York City,Apps,6,10,3,2017
1462,Los Angeles,Apps,8,10,4,2017
1463,Tokyo,Apps,3,10,3,2017
1464,Tokyo,Apps,3,8,3,2017
1465,Los Angeles,Games,8,8,2,2017
1466,Tokyo,Apps,3,8,3,2017
1467,New York City,Games,7,10,3,2017
1468,New York City,"Games, Explorer",7,10,3,2017
1469,New York City,Games,7,10,4,2017
1470,New York City,Games,7,10,3,2017
1471,New York City,Apps,7,8,3,2017
1472,New York City,Games,7,9,3,2017
1473,New York City,"Games, Explorer",7,10,3,2017
1474,New York City,Games,7,9,3,2017
1475,New York City,Apps,7,9,3,2017
1476,New York City,Apps,7,8,4,2017
1477,New York City,Games,7,10,3,2017
1478,New York City,Apps,7,10,3,2017
1479,New York City,Games,7,9,3,2017
1480,New York City,Apps,7,9,3,2017
1481,New York City,Apps,7,10,3,2017
1482,New York City,Apps,7,8,3,2017
1483,New York City,Apps,7,7,4,2017
1484,New York City,"Apps, Explorer",7,7,5,2017
1485,New York City,Apps,7,7,3,2017
1486,New York City,Apps,7,9,3,2017
1487,New York City,Apps,7,8,3,2017
1488,New York City,"Games, Explorer",7,7,3,2017
1489,New York City,"Apps, Explorer",7,10,3,2017
1490,New York City,"Apps, Explorer",7,10,3,2017
1491,New York City,Games,7,9,4,2017
1492,New York City,Apps,7,9,3,2017
1493,New York City,Apps,7,3,3,2017
1494,New York City,"Games, Explorer",7,10,3,2017
1495,New York City,"Apps, Explorer",7,10,3,2017
1496,New York City,"Apps, Explorer",7,8,3,2017
1497,New York City,Apps,7,10,3,2017
1498,New York City,"Apps, Explorer",7,1,2,2017
1499,New York City,Apps,5,8,3,2017
,Los Angeles,,1,6,4,2016
,Los Angeles,,1,8,4,2016
,Los Angeles,,1,8,4,2016
,Los Angeles,,1,8,4,2016
,Los Angeles,,1,8,5,2016
,Los Angeles,,1,10,4,2016
,Los Angeles,,1,10,3,2016
,New York City,Games,1,6,5,2016
,New York City,Games,1,6,3,2016
,New York City,Apps,1,6,3,2016
,New York City,Intro,1,8,3,2016
,New York City,Intro,1,8,4,2016
,New York City,Intro,1,8,4,2016
,New York City,Intro,1,8,4,2016
,New York City,Games,1,8,4,2016
,New York City,Games,1,8,4,2016
,New York City,Games,1,8,3,2016
,New York City,Games,1,8,3,2016
,New York City,Games,1,8,4,2016
,New York City,Apps,1,8,4,2016
,New York City,Apps,1,8,4,2016
,New York City,Apps,1,8,4,2016
,New York City,Apps,1,8,3,2016
,New York City,Apps,1,8,4,2016
,New York City,Apps,1,8,2,2016
,New York City,Apps,1,8,3,2016
,New York City,Apps,1,8,4,2016
,New York City,Apps,1,8,4,2016
,New York City,Apps,1,8,3,2016
,New York City,Intro,1,10,3,2016
,New York City,Intro,1,10,3,2016
,New York City,Intro,1,10,4,2016
,New York City,Intro,1,10,4,2016
,New York City,Games,1,10,3,2016
,New York City,Games,1,10,3,2016
,New York City,Games,1,10,4,2016
,New York City,Apps,1,10,3,2016
,New York City,Apps,1,10,4,2016
,New York City,Apps,1,10,3,2016
,New York City,Apps,1,10,3,2016
,New York City,Apps,1,10,4,2016
,New York City,Apps,1,10,4,2016
,New York City,Apps,1,10,3,2016
,New York City,Apps,1,10,3,2016
,New York City,Apps,1,10,4,2016
,New York City,Apps,1,10,3,2016
,San Francisco,Apps,1,6,2,2016
,San Francisco,Apps,1,6,3,2016
,San Francisco,Apps,1,6,4,2016
,San Francisco,Apps,1,6,5,2016
,San Francisco,Apps,1,8,2,2016
,San Francisco,Apps,1,8,2,2016
,San Francisco,Apps,1,8,2,2016
,San Francisco,Apps,1,8,3,2016
,San Francisco,Apps,1,8,3,2016
,San Francisco,Apps,1,8,3,2016
,San Francisco,Apps,1,8,3,2016
,San Francisco,Apps,1,8,3,2016
,San Francisco,Apps,1,8,3,2016
,San Francisco,Apps,1,8,3,2016
,San Francisco,Apps,1,8,3,2016
,San Francisco,Apps,1,8,3,2016
,San Francisco,Apps,1,8,3,2016
,San Francisco,Apps,1,8,3,2016
,San Francisco,Apps,1,8,3,2016
,San Francisco,Apps,1,8,3,2016
,San Francisco,Apps,1,8,3,2016
,San Francisco,Apps,1,8,4,2016
,San Francisco,Apps,1,8,4,2016
,San Francisco,Apps,1,8,4,2016
,San Francisco,Apps,1,8,4,2016
,San Francisco,Apps,1,8,4,2016
,San Francisco,Apps,1,8,5,2016
,San Francisco,Apps,1,8,5,2016
,San Francisco,Apps,1,8,2,2016
,San Francisco,Apps,1,10,2,2016
,San Francisco,Apps,1,10,2,2016
,San Francisco,Apps,1,10,3,2016
,San Francisco,Apps,1,10,3,2016
,San Francisco,Apps,1,10,3,2016
,San Francisco,Apps,1,10,3,2016
,San Francisco,Apps,1,10,3,2016
,San Francisco,Apps,1,10,3,2016
,San Francisco,Apps,1,10,3,2016
,San Francisco,Apps,1,10,3,2016
,San Francisco,Apps,1,10,3,2016
,San Francisco,Apps,1,10,3,2016
,San Francisco,Apps,1,10,3,2016
,San Francisco,Apps,1,10,3,2016
,San Francisco,Apps,1,10,3,2016
,San Francisco,Apps,1,10,3,2016
,San Francisco,Apps,1,10,3,2016
,San Francisco,Apps,1,10,3,2016
,San Francisco,Apps,1,10,3,2016
,San Francisco,Apps,1,10,4,2016
,San Francisco,Apps,1,10,4,2016
,San Francisco,Apps,1,10,4,2016
,San Francisco,Apps,1,10,4,2016
,San Francisco,Apps,1,10,4,2016
,San Francisco,Apps,1,10,4,2016
,San Francisco,Apps,1,10,4,2016
,San Francisco,Apps,1,10,4,2016
,San Francisco,Apps,1,10,3,2016
,San Francisco,Apps,1,10,3,2016
,San Francisco,Games,1,8,3,2016
,San Francisco,Games,1,8,3,2016
,San Francisco,Games,1,8,4,2016
,San Francisco,Games,1,10,3,2016
,San Francisco,Games,1,10,3,2016
,San Francisco,Games,1,10,3,2016
,San Francisco,Games,1,10,3,2016
,San Francisco,Games,1,10,3,2016
,San Francisco,Games,1,10,4,2016
,San Francisco,Games,1,10,4,2016
,San Francisco,Intro,1,6,3,2016
,San Francisco,Intro,1,8,3,2016
,San Francisco,Intro,1,8,3,2016
,San Francisco,Intro,1,8,3,2016
,San Francisco,Intro,1,8,3,2016
,San Francisco,Intro,1,8,3,2016
,San Francisco,Intro,1,8,3,2016
,San Francisco,Intro,1,8,4,2016
,San Francisco,Intro,1,8,4,2016
,San Francisco,Intro,1,8,4,2016
,San Francisco,Intro,1,10,2,2016
,San Francisco,Intro,1,10,3,2016
,San Francisco,Intro,1,10,3,2016
,San Francisco,Intro,1,10,3,2016
,San Francisco,Intro,1,10,3,2016
,San Francisco,Intro,1,10,3,2016
,San Francisco,Intro,1,10,4,2016
,San Francisco,Intro,1,10,4,2016
,San Francisco,Intro,1,10,5,2016
,San Francisco,Intro,1,10,5,2016
,San Francisco,Intro,1,10,3,2016
,San Francisco,VR,1,6,3,2016
,San Francisco,VR,1,10,3,2016
,San Francisco,VR,1,10,3,2016
,San Francisco,VR,1,10,3,2016
,Singapore,,1,4,3,2016
,Singapore,,1,4,3,2016
,Singapore,,1,6,3,2016
,Singapore,,1,8,4,2016
,Singapore,,1,8,4,2016
,Singapore,,1,8,4,2016
,Singapore,,1,8,3,2016
,Singapore,,1,8,3,2016
,Singapore,,1,8,4,2016
,Singapore,,1,8,3,2016
,Singapore,,1,8,3,2016
,Singapore,,1,10,5,2016
,Sunnyvale,Games,1,4,4,2016
,Sunnyvale,Apps,1,6,4,2016
,Sunnyvale,Apps,1,6,3,2016
,Sunnyvale,Apps,1,6,5,2016
,Sunnyvale,Apps,1,6,3,2016
,Sunnyvale,Games,1,6,3,2016
,Sunnyvale,Apps,1,8,4,2016
,Sunnyvale,Apps,1,8,3,2016
,Sunnyvale,Apps,1,8,3,2016
,Sunnyvale,Apps,1,8,4,2016
,Sunnyvale,Apps,1,8,3,2016
,Sunnyvale,Apps,1,8,4,2016
,Sunnyvale,Apps,1,8,4,2016
,Sunnyvale,Apps,1,8,3,2016
,Sunnyvale,Apps,1,8,4,2016
,Sunnyvale,Apps,1,8,3,2016
,Sunnyvale,Apps,1,8,4,2016
,Sunnyvale,Apps,1,8,4,2016
,Sunnyvale,Apps,1,8,3,2016
,Sunnyvale,Apps,1,8,3,2016
,Sunnyvale,Apps,1,8,5,2016
,Sunnyvale,Apps,1,8,3,2016
,Sunnyvale,Apps,1,8,3,2016
,Sunnyvale,Apps,1,8,3,2016
,Sunnyvale,Games,1,8,4,2016
,Sunnyvale,Games,1,8,4,2016
,Sunnyvale,Games,1,8,4,2016
,Sunnyvale,Games,1,8,3,2016
,Sunnyvale,Games,1,8,4,2016
,Sunnyvale,Games,1,8,3,2016
,Sunnyvale,Games,1,8,4,2016
,Sunnyvale,Games,1,8,3,2016
,Sunnyvale,Games,1,8,4,2016
,Sunnyvale,Intro,1,8,4,2016
,Sunnyvale,Intro,1,8,3,2016
,Sunnyvale,Intro,1,8,4,2016
,Sunnyvale,Intro,1,8,3,2016
,Sunnyvale,Intro,1,8,4,2016
,Sunnyvale,Intro,1,8,3,2016
,Sunnyvale,Intro,1,8,3,2016
,Sunnyvale,Intro,1,8,3,2016
,Sunnyvale,Apps,1,10,3,2016
,Sunnyvale,Apps,1,10,3,2016
,Sunnyvale,Apps,1,10,3,2016
,Sunnyvale,Apps,1,10,3,2016
,Sunnyvale,Apps,1,10,3,2016
,Sunnyvale,Apps,1,10,3,2016
,Sunnyvale,Apps,1,10,4,2016
,Sunnyvale,Apps,1,10,4,2016
,Sunnyvale,Apps,1,10,3,2016
,Sunnyvale,Apps,1,10,4,2016
,Sunnyvale,Apps,1,10,4,2016
,Sunnyvale,Games,1,10,4,2016
,Sunnyvale,Games,1,10,2,2016
,Sunnyvale,Games,1,10,3,2016
,Sunnyvale,Games,1,10,4,2016
,Sunnyvale,Intro,1,10,3,2016
,Sunnyvale,Intro,1,10,2,2016
,Sunnyvale,Intro,1,10,3,2016
,Sunnyvale,Intro,1,10,3,2016
,Sunnyvale,Intro,1,10,3,2016
,Sunnyvale,Intro,1,10,3,2016
,Los Angeles,,2,8,2,2016
,Los Angeles,,2,6,3,2016
,Los Angeles,,2,8,4,2016
,Los Angeles,,2,8,3,2016
,Los Angeles,,2,8,3,2016
,Los Angeles,,2,10,3,2016
,Los Angeles,,2,10,3,2016
,New York City,Apps,2,6,2,2016
,New York City,Apps,2,6,4,2016
,New York City,Games,2,6,5,2016
,New York City,Games,2,6,3,2016
,New York City,Apps,2,8,3,2016
,New York City,Apps,2,8,4,2016
,New York City,Apps,2,8,3,2016
,New York City,Apps,2,8,3,2016
,New York City,Apps,2,8,2,2016
,New York City,Apps,2,8,4,2016
,New York City,Apps,2,8,3,2016
,New York City,Games,2,8,4,2016
,New York City,Games,2,8,4,2016
,New York City,Games,2,8,4,2016
,New York City,Intro,2,8,3,2016
,New York City,Intro,2,8,3,2016
,New York City,Intro,2,8,4,2016
,New York City,Intro,2,8,3,2016
,New York City,Apps,2,10,3,2016
,New York City,Apps,2,10,3,2016
,New York City,Apps,2,10,3,2016
,New York City,Apps,2,10,4,2016
,New York City,Apps,2,10,3,2016
,New York City,Apps,2,10,4,2016
,New York City,Games,2,10,4,2016
,New York City,Intro,2,10,3,2016
,New York City,Intro,2,10,3,2016
,New York City,Intro,2,10,3,2016
,San Francisco,Apps,2,4,3,2016
,San Francisco,Apps,2,6,2,2016
,San Francisco,Apps,2,6,3,2016
,San Francisco,Apps,2,6,3,2016
,San Francisco,Apps,2,8,2,2016
,San Francisco,Apps,2,8,2,2016
,San Francisco,Apps,2,8,5,2016
,San Francisco,Apps,2,8,3,2016
,San Francisco,Apps,2,8,4,2016
,San Francisco,Apps,2,8,4,2016
,San Francisco,Apps,2,8,3,2016
,San Francisco,Apps,2,8,5,2016
,San Francisco,Apps,2,8,3,2016
,San Francisco,Apps,2,8,3,2016
,San Francisco,Apps,2,8,3,2016
,San Francisco,Apps,2,8,2,2016
,San Francisco,Apps,2,8,3,2016
,San Francisco,Apps,2,10,3,2016
,San Francisco,Apps,2,10,2,2016
,San Francisco,Apps,2,10,3,2016
,San Francisco,Apps,2,10,3,2016
,San Francisco,Apps,2,10,4,2016
,San Francisco,Apps,2,10,3,2016
,San Francisco,Apps,2,10,3,2016
,San Francisco,Apps,2,10,2,2016
,San Francisco,Apps,2,10,3,2016
,San Francisco,Apps,2,10,4,2016
,San Francisco,Apps,2,10,3,2016
,San Francisco,Games,2,8,4,2016
,San Francisco,Games,2,8,5,2016
,San Francisco,Games,2,10,3,2016
,San Francisco,Games,2,10,3,2016
,San Francisco,Games,2,10,3,2016
,San Francisco,Games,2,10,3,2016
,San Francisco,Games,2,10,3,2016
,San Francisco,Games,2,10,3,2016
,San Francisco,Games,2,10,3,2016
,San Francisco,Intro,2,6,3,2016
,San Francisco,Intro,2,8,2,2016
,San Francisco,Intro,2,8,3,2016
,San Francisco,Intro,2,8,3,2016
,San Francisco,Intro,2,8,3,2016
,San Francisco,Intro,2,8,4,2016
,San Francisco,Intro,2,8,4,2016
,San Francisco,Intro,2,8,4,2016
,San Francisco,Intro,2,8,4,2016
,San Francisco,Intro,2,8,3,2016
,San Francisco,Intro,2,8,4,2016
,San Francisco,Intro,2,8,3,2016
,San Francisco,Intro,2,8,3,2016
,San Francisco,Intro,2,10,4,2016
,San Francisco,Intro,2,10,3,2016
,San Francisco,Intro,2,10,3,2016
,San Francisco,Intro,2,10,3,2016
,San Francisco,Intro,2,10,3,2016
,San Francisco,VR,2,2,3,2016
,San Francisco,VR,2,4,3,2016
,San Francisco,VR,2,4,3,2016
,San Francisco,VR,2,10,3,2016
,San Francisco,VR,2,10,3,2016
,San Francisco,VR,2,10,3,2016
,San Francisco,VR,2,10,3,2016
,Singapore,,2,8,3,2016
,Singapore,,2,6,3,2016
,Singapore,,2,6,5,2016
,Singapore,,2,6,3,2016
,Singapore,,2,8,4,2016
,Singapore,,2,8,3,2016
,Singapore,,2,6,3,2016
,Singapore,,2,6,3,2016
,Sunnyvale,Apps,2,6,4,2016
,Sunnyvale,Apps,2,6,5,2016
,Sunnyvale,Apps,2,6,3,2016
,Sunnyvale,Apps,2,6,4,2016
,Sunnyvale,Apps,2,6,3,2016
,Sunnyvale,Apps,2,6,3,2016
,Sunnyvale,Apps,2,6,3,2016
,Sunnyvale,Apps,2,6,4,2016
,Sunnyvale,Apps,2,6,3,2016
,Sunnyvale,Games,2,6,3,2016
,Sunnyvale,Games,2,6,5,2016
,Sunnyvale,Games,2,6,3,2016
,Sunnyvale,Games,2,6,3,2016
,Sunnyvale,Intro,2,6,4,2016
,Sunnyvale,Apps,2,8,3,2016
,Sunnyvale,Apps,2,8,3,2016
,Sunnyvale,Apps,2,8,3,2016
,Sunnyvale,Apps,2,8,4,2016
,Sunnyvale,Apps,2,8,4,2016
,Sunnyvale,Apps,2,8,3,2016
,Sunnyvale,Apps,2,8,4,2016
,Sunnyvale,Apps,2,8,3,2016
,Sunnyvale,Apps,2,8,4,2016
,Sunnyvale,Apps,2,8,3,2016
,Sunnyvale,Apps,2,8,3,2016
,Sunnyvale,Apps,2,8,3,2016
,Sunnyvale,Apps,2,8,3,2016
,Sunnyvale,Apps,2,8,4,2016
,Sunnyvale,Apps,2,8,4,2016
,Sunnyvale,Apps,2,8,4,2016
,Sunnyvale,Games,2,8,4,2016
,Sunnyvale,Games,2,8,2,2016
,Sunnyvale,Games,2,8,3,2016
,Sunnyvale,Games,2,8,2,2016
,Sunnyvale,Games,2,8,3,2016
,Sunnyvale,Intro,2,8,3,2016
,Sunnyvale,Intro,2,8,3,2016
,Sunnyvale,Intro,2,8,3,2016
,Sunnyvale,Intro,2,8,4,2016
,Sunnyvale,Intro,2,8,4,2016
,Sunnyvale,Intro,2,8,3,2016
,Sunnyvale,Intro,2,8,3,2016
,Sunnyvale,Apps,2,10,3,2016
,Sunnyvale,Apps,2,10,3,2016
,Sunnyvale,Apps,2,10,4,2016
,Sunnyvale,Apps,2,10,3,2016
,Sunnyvale,Apps,2,10,4,2016
,Sunnyvale,Apps,2,10,3,2016
,Sunnyvale,Apps,2,10,3,2016
,Sunnyvale,Games,2,10,4,2016
,Sunnyvale,Games,2,10,2,2016
,Sunnyvale,Games,2,10,3,2016
,Sunnyvale,Games,2,10,4,2016
,Sunnyvale,Intro,2,10,2,2016
,Sunnyvale,Intro,2,10,5,2016
,Sunnyvale,Intro,2,10,2,2016
,Los Angeles,,3,8,2,2016
,Los Angeles,,3,8,4,2016
,Los Angeles,,3,8,3,2016
,Los Angeles,,3,8,3,2016
,Los Angeles,,3,8,3,2016
,Los Angeles,,3,10,4,2016
,New York City,Apps,3,8,3,2016
,New York City,Apps,3,10,3,2016
,New York City,Intro,3,8,3,2016
,New York City,Apps,3,10,3,2016
,New York City,Apps,3,8,2,2016
,New York City,Games,3,8,4,2016
,New York City,Intro,3,8,4,2016
,New York City,Apps,3,10,3,2016
,New York City,Games,3,8,4,2016
,New York City,Intro,3,8,4,2016
,New York City,Games,3,8,4,2016
,New York City,Apps,3,8,4,2016
,New York City,Apps,3,8,3,2016
,New York City,Games,3,8,3,2016
,New York City,Apps,3,10,4,2016
,New York City,Apps,3,8,3,2016
,New York City,Games,3,8,4,2016
,New York City,Games,3,10,4,2016
,New York City,Intro,3,8,4,2016
,New York City,Apps,3,8,4,2016
,New York City,Games,3,10,3,2016
,New York City,Intro,3,6,4,2016
,New York City,Apps,3,10,3,2016
,New York City,Apps,3,10,3,2016
,New York City,Intro,3,8,4,2016
,New York City,Games,3,10,3,2016
,New York City,Games,3,10,3,2016
,New York City,Apps,3,8,3,2016
,San Francisco,Apps,3,6,2,2016
,San Francisco,Apps,3,10,3,2016
,San Francisco,Apps,3,6,3,2016
,San Francisco,Apps,3,2,3,2016
,San Francisco,Apps,3,10,2,2016
,San Francisco,Apps,3,10,5,2016
,San Francisco,Apps,3,6,5,2016
,San Francisco,Apps,3,10,3,2016
,San Francisco,Apps,3,10,3,2016
,San Francisco,Games,3,10,3,2016
,San Francisco,Games,3,10,4,2016
,San Francisco,Intro,3,10,3,2016
,San Francisco,Intro,3,8,3,2016
,San Francisco,Intro,3,8,3,2016
,San Francisco,Intro,3,8,4,2016
,San Francisco,Intro,3,10,3,2016
,San Francisco,Intro,3,10,3,2016
,San Francisco,VR,3,10,3,2016
,San Francisco,VR,3,8,4,2016
,San Francisco,VR,3,2,5,2016
,San Francisco,VR,3,8,4,2016
,San Francisco,Intro,3,6,4,2016
,San Francisco,Intro,3,8,4,2016
,Singapore,,3,8,3,2016
,Singapore,,3,10,3,2016
,Sunnyvale,Games,3,10,2,2016
,Sunnyvale,Apps,3,10,3,2016
,Sunnyvale,Games,3,8,3,2016
,Sunnyvale,Apps,3,8,3,2016
,Sunnyvale,Apps,3,8,4,2016
,Sunnyvale,Apps,3,10,3,2016
,Sunnyvale,Apps,3,8,4,2016
,Sunnyvale,Apps,3,6,4,2016
,Sunnyvale,Apps,3,8,4,2016
,Sunnyvale,Apps,3,6,4,2016
,Sunnyvale,Apps,3,6,2,2016
,Sunnyvale,Apps,3,10,4,2016
,Sunnyvale,Games,3,10,5,2016
,Sunnyvale,Games,3,8,3,2016
,Sunnyvale,Games,3,10,3,2016
,Sunnyvale,Intro,3,10,3,2016
,Sunnyvale,Apps,3,8,3,2016
,Sunnyvale,Games,3,10,3,2016
,Sunnyvale,Games,3,10,3,2016
,Sunnyvale,Games,3,10,2,2016
,Sunnyvale,Apps,3,6,3,2016
,Sunnyvale,Games,3,6,3,2016
,Sunnyvale,Apps,3,8,3,2016
,Sunnyvale,Apps,3,8,2,2016
,Sunnyvale,Games,3,8,5,2016
,Sunnyvale,Intro,3,8,4,2016
,Sunnyvale,Intro,3,8,4,2016
,Sunnyvale,Intro,3,8,3,2016
,Sunnyvale,Intro,3,8,3,2016
,Sunnyvale,Intro,3,8,3,2016
,Sunnyvale,Intro,3,8,3,2016
,Sunnyvale,Intro,3,8,4,2016
,Sunnyvale,Games,3,8,4,2016
,Sunnyvale,Apps,3,10,3,2016
,Sunnyvale,Games,3,10,3,2016
,Sunnyvale,Intro,3,10,3,2016
,Los Angeles,,4,10,3,2016
,Los Angeles,,4,10,3,2016
,Los Angeles,,4,10,3,2016
,Los Angeles,,4,10,4,2016
,Los Angeles,,4,6,3,2016
,Los Angeles,,4,8,3,2016
,Los Angeles,,4,8,3,2016
,Los Angeles,,4,8,3,2016
,New York City,Apps,4,10,3,2016
,New York City,Apps,4,10,3,2016
,New York City,Apps,4,8,3,2016
,New York City,Apps,4,8,3,2016
,New York City,Games,4,8,4,2016
,New York City,Intro,4,8,4,2016
,New York City,Apps,4,8,4,2016
,New York City,Apps,4,10,3,2016
,New York City,Apps,4,8,5,2016
,New York City,Apps,4,10,3,2016
,New York City,Apps,4,8,4,2016
,New York City,Games,4,8,4,2016
,New York City,Apps,4,10,3,2016
,New York City,Games,4,8,3,2016
,New York City,Apps,4,8,3,2016
,New York City,Apps,4,8,3,2016
,San Francisco,Apps,4,10,3,2016
,San Francisco,Apps,4,8,3,2016
,San Francisco,Apps,4,8,4,2016
,San Francisco,Apps,4,6,4,2016
,San Francisco,Apps,4,8,4,2016
,San Francisco,Apps,4,6,4,2016
,San Francisco,Apps,4,8,3,2016
,San Francisco,Apps,4,10,3,2016
,San Francisco,Apps,4,8,3,2016
,San Francisco,Apps,4,8,3,2016
,San Francisco,Apps,4,10,2,2016
,San Francisco,Games,4,8,3,2016
,San Francisco,Games,4,8,3,2016
,San Francisco,Games,4,10,4,2016
,San Francisco,Games,4,10,5,2016
,San Francisco,Games,4,10,3,2016
,San Francisco,Intro,4,10,4,2016
,San Francisco,Intro,4,6,4,2016
,San Francisco,Intro,4,8,4,2016
,San Francisco,Intro,4,6,5,2016
,San Francisco,Intro,4,8,4,2016
,San Francisco,Intro,4,8,3,2016
,San Francisco,Intro,4,6,3,2016
,San Francisco,Intro,4,8,3,2016
,San Francisco,Intro,4,10,3,2016
,San Francisco,Intro,4,8,4,2016
,San Francisco,Intro,4,10,3,2016
,San Francisco,VR,4,10,3,2016
,San Francisco,VR,4,8,3,2016
,San Francisco,VR,4,6,4,2016
,San Francisco,VR,4,6,4,2016
,Singapore,,4,8,3,2016
,Singapore,,4,8,4,2016
,Singapore,,4,6,3,2016
,Singapore,,4,8,3,2016
,Singapore,,4,6,4,2016
,Singapore,,4,8,3,2016
,Singapore,,4,8,3,2016
,Singapore,,4,6,4,2016
,Singapore,,4,8,3,2016
,Sunnyvale,Apps,4,4,1,2016
,Sunnyvale,Apps,4,6,3,2016
,Sunnyvale,Apps,4,8,4,2016
,Sunnyvale,Apps,4,8,3,2016
,Sunnyvale,Apps,4,10,3,2016
,Sunnyvale,Apps,4,8,3,2016
,Sunnyvale,Apps,4,8,3,2016
,Sunnyvale,Apps,4,8,3,2016
,Sunnyvale,Apps,4,8,2,2016
,Sunnyvale,Apps,4,8,4,2016
,Sunnyvale,Apps,4,6,3,2016
,Sunnyvale,Apps,4,8,4,2016
,Sunnyvale,Apps,4,10,3,2016
,Sunnyvale,Apps,4,8,3,2016
,Sunnyvale,Apps,4,10,3,2016
,Sunnyvale,Apps,4,6,4,2016
,Sunnyvale,Apps,4,8,3,2016
,Sunnyvale,Apps,4,8,4,2016
,Sunnyvale,Apps,4,8,4,2016
,Sunnyvale,Apps,4,8,4,2016
,Sunnyvale,Apps,4,10,3,2016
,Sunnyvale,Apps,4,10,4,2016
,Sunnyvale,Apps,4,10,3,2016
,Sunnyvale,Apps,4,8,4,2016
,Sunnyvale,Apps,4,10,1,2016
,Sunnyvale,Apps,4,10,3,2016
,Sunnyvale,Apps,4,8,3,2016
,Sunnyvale,Games,4,10,2,2016
,Sunnyvale,Games,4,10,3,2016
,Sunnyvale,Games,4,8,3,2016
,Sunnyvale,Games,4,8,4,2016
,Sunnyvale,Games,4,8,4,2016
,Sunnyvale,Games,4,10,5,2016
,Sunnyvale,Games,4,10,3,2016
,Sunnyvale,Games,4,6,3,2016
,Sunnyvale,Intro,4,10,4,2016
,Hong Kong,,5,8,3,2016
,Hong Kong,,5,10,3,2016
,Hong Kong,,5,10,3,2016
,Los Angeles,Games,5,6,2,2016
,Los Angeles,Intro,5,8,3,2016
,Los Angeles,Intro,5,10,3,2016
,Los Angeles,Games,5,8,3,2016
,Los Angeles,Intro,5,8,3,2016
,Los Angeles,Games,5,8,3,2016
,Los Angeles,Intro,5,10,3,2016
,Los Angeles,Games,5,8,4,2016
,Los Angeles,Games,5,10,4,2016
,Los Angeles,Intro,5,10,3,2016
,Los Angeles,Games,5,8,3,2016
,Los Angeles,Games,5,8,3,2016
,New York City,Apps,5,10,5,2016
,New York City,Apps,5,10,3,2016
,New York City,Apps,5,8,3,2016
,New York City,Apps,5,8,3,2016
,New York City,Apps,5,10,3,2016
,New York City,Apps,5,8,4,2016
,New York City,Games,5,6,5,2016
,New York City,Apps,5,8,4,2016
,New York City,Apps,5,10,4,2016
,New York City,Games,5,8,3,2016
,New York City,Apps,5,8,3,2016
,New York City,Games,5,8,4,2016
,New York City,Intro,5,8,3,2016
,New York City,Apps,5,8,3,2016
,New York City,Games,5,10,3,2016
,New York City,Apps,5,8,3,2016
,New York City,Games,5,10,3,2016
,New York City,Apps,5,8,3,2016
,New York City,Games,5,10,3,2016
,New York City,Apps,5,10,3,2016
,New York City,Games,5,8,3,2016
,San Francisco,Apps,5,6,3,2016
,San Francisco,Apps,5,8,3,2016
,San Francisco,Apps,5,8,3,2016
,San Francisco,Apps,5,8,4,2016
,San Francisco,Apps,5,6,3,2016
,San Francisco,Apps,5,10,3,2016
,San Francisco,Apps,5,6,2,2016
,San Francisco,Apps,5,10,3,2016
,San Francisco,Apps,5,2,3,2016
,San Francisco,Apps,5,8,3,2016
,San Francisco,Apps,5,10,3,2016
,San Francisco,Apps,5,8,4,2016
,San Francisco,Apps,5,6,4,2016
,San Francisco,Games,5,8,3,2016
,San Francisco,Games,5,10,3,2016
,San Francisco,Games,5,2,5,2016
,San Francisco,Games,5,10,3,2016
,San Francisco,Games,5,8,3,2016
,San Francisco,Games,5,10,3,2016
,San Francisco,Intro,5,10,2,2016
,San Francisco,Intro,5,8,3,2016
,San Francisco,Intro,5,6,5,2016
,San Francisco,Intro,5,10,3,2016
,San Francisco,Intro,5,10,4,2016
,San Francisco,Intro,5,10,3,2016
,San Francisco,Intro,5,10,3,2016
,San Francisco,Intro,5,10,3,2016
,San Francisco,Intro,5,10,2,2016
,San Francisco,Intro,5,10,3,2016
,San Francisco,Intro,5,10,3,2016
,San Francisco,Intro,5,8,3,2016
,San Francisco,Intro,5,10,3,2016
,San Francisco,Intro,5,10,3,2016
,San Francisco,Intro,5,8,4,2016
,San Francisco,Intro,5,10,3,2016
,San Francisco,Intro,5,10,3,2016
,San Francisco,VR,5,10,4,2016
,San Francisco,VR,5,10,4,2016
,San Francisco,VR,5,8,4,2016
,San Francisco,VR,5,10,3,2016
,San Francisco,Intro,5,6,3,2016
,San Francisco,Intro,5,6,3,2016
,Singapore,,5,8,3,2016
,Singapore,,5,8,3,2016
,Singapore,,5,8,4,2016
,Singapore,,5,8,3,2016
,Singapore,,5,8,4,2016
,Singapore,,5,8,3,2016
,Singapore,,5,8,3,2016
,Singapore,,5,6,3,2016
,Singapore,,5,8,3,2016
,Singapore,,5,8,3,2016
,Singapore,,5,4,2,2016
,Sunnyvale,Apps,5,8,3,2016
,Sunnyvale,Apps,5,10,3,2016
,Sunnyvale,Apps,5,6,3,2016
,Sunnyvale,Apps,5,4,3,2016
,Sunnyvale,Games,5,8,3,2016
,Sunnyvale,Games,5,8,3,2016
,Sunnyvale,Apps,5,10,3,2016
,Sunnyvale,Apps,5,6,3,2016
,Sunnyvale,Apps,5,10,3,2016
,Sunnyvale,Apps,5,8,4,2016
,Sunnyvale,Apps,5,8,3,2016
,Sunnyvale,Apps,5,10,3,2016
,Sunnyvale,Intro,5,8,4,2016
,Sunnyvale,Apps,5,10,3,2016
,Sunnyvale,Apps,5,8,5,2016
,Sunnyvale,Apps,5,4,2,2016
,Sunnyvale,Apps,5,8,3,2016
,Sunnyvale,Apps,5,10,4,2016
,Sunnyvale,Apps,5,6,4,2016
,Sunnyvale,Apps,5,8,4,2016
,Sunnyvale,Apps,5,8,3,2016
,Sunnyvale,Apps,5,8,3,2016
,Sunnyvale,Apps,5,6,4,2016
,Sunnyvale,Games,5,10,3,2016
,Sunnyvale,Games,5,10,3,2016
,Sunnyvale,Games,5,8,5,2016
,Sunnyvale,Games,5,8,3,2016
,Sunnyvale,Intro,5,8,3,2016
,Sunnyvale,Intro,5,8,3,2016
,Sunnyvale,Intro,5,10,3,2016
,Sunnyvale,Intro,5,8,3,2016
,Sunnyvale,Intro,5,8,3,2016
,Sunnyvale,Intro,5,10,3,2016
,Sunnyvale,Intro,5,8,4,2016
,Sunnyvale,Intro,5,8,2,2016
,Sunnyvale,Intro,5,10,3,2016
,Sunnyvale,Games,5,6,5,2016
,Sunnyvale,Games,5,10,2,2016
,Sunnyvale,Games,5,6,3,2016
,Sunnyvale,Games,5,10,3,2016
,Sunnyvale,Games,5,10,3,2016
,Hong Kong,,6,10,3,2016
,Hong Kong,,6,8,3,2016
,Hong Kong,,6,10,3,2016
,Los Angeles,Games,6,10,3,2016
,Los Angeles,Intro,6,10,3,2016
,Los Angeles,Games,6,6,1,2016
,Los Angeles,Games,6,2,3,2016
,Los Angeles,Intro,6,10,3,2016
,Los Angeles,Intro,6,10,3,2016
,Los Angeles,Games,6,10,3,2016
,Los Angeles,Games,6,8,3,2016
,Los Angeles,Intro,6,8,4,2016
,Los Angeles,Games,6,8,4,2016
,New York City,Apps,6,4,2,2016
,New York City,Apps,6,8,3,2016
,New York City,Apps,6,8,4,2016
,New York City,Apps,6,10,3,2016
,New York City,Games,6,10,3,2016
,New York City,Intro,6,8,3,2016
,New York City,Apps,6,6,3,2016
,New York City,Apps,6,10,3,2016
,New York City,Games,6,6,3,2016
,New York City,Apps,6,8,3,2016
,New York City,Intro,6,10,4,2016
,New York City,Intro,6,8,3,2016
,New York City,Apps,6,10,3,2016
,New York City,Apps,6,4,1,2016
,New York City,Intro,6,8,3,2016
,New York City,Apps,6,8,3,2016
,New York City,Intro,6,10,3,2016
,New York City,Games,6,8,3,2016
,New York City,Apps,6,10,5,2016
,New York City,Games,6,8,3,2016
,San Francisco,Apps,6,8,3,2016
,San Francisco,Apps,6,6,4,2016
,San Francisco,Apps,6,4,3,2016
,San Francisco,Apps,6,8,3,2016
,San Francisco,Apps,6,6,4,2016
,San Francisco,Apps,6,10,3,2016
,San Francisco,Apps,6,2,3,2016
,San Francisco,Apps,6,6,3,2016
,San Francisco,Apps,6,10,3,2016
,San Francisco,Apps,6,8,3,2016
,San Francisco,Apps,6,10,3,2016
,San Francisco,Games,6,10,3,2016
,San Francisco,Games,6,10,3,2016
,San Francisco,Games,6,8,3,2016
,San Francisco,Games,6,10,4,2016
,San Francisco,Games,6,10,4,2016
,San Francisco,Games,6,6,4,2016
,San Francisco,Intro,6,10,3,2016
,San Francisco,Intro,6,10,3,2016
,San Francisco,Intro,6,6,4,2016
,San Francisco,Intro,6,10,3,2016
,San Francisco,Intro,6,10,3,2016
,San Francisco,VR,6,8,3,2016
,San Francisco,VR,6,8,4,2016
,San Francisco,VR,6,8,3,2016
,Singapore,,6,8,3,2016
,Singapore,,6,10,5,2016
,Singapore,,6,10,3,2016
,Singapore,,6,8,3,2016
,Singapore,,6,6,5,2016
,Singapore,,6,10,3,2016
,Sunnyvale,Apps,6,8,3,2016
,Sunnyvale,Apps,6,10,3,2016
,Sunnyvale,Apps,6,10,4,2016
,Sunnyvale,Apps,6,8,3,2016
,Sunnyvale,Apps,6,6,3,2016
,Sunnyvale,Apps,6,6,3,2016
,Sunnyvale,Apps,6,8,3,2016
,Sunnyvale,Apps,6,10,3,2016
,Sunnyvale,Apps,6,4,2,2016
,Sunnyvale,Apps,6,8,3,2016
,Sunnyvale,Apps,6,6,3,2016
,Sunnyvale,Apps,6,10,3,2016
,Sunnyvale,Apps,6,10,2,2016
,Sunnyvale,Games,6,6,3,2016
,Sunnyvale,Games,6,8,3,2016
,Sunnyvale,Games,6,8,3,2016
,Sunnyvale,Games,6,10,3,2016
,Sunnyvale,Games,6,8,3,2016
,Sunnyvale,Games,6,8,4,2016
,Sunnyvale,Games,6,8,4,2016
,Sunnyvale,Games,6,6,4,2016
,Sunnyvale,Games,6,8,3,2016
,Sunnyvale,Games,6,8,4,2016
,Sunnyvale,Games,6,8,2,2016
,Sunnyvale,Intro,6,10,3,2016
,Sunnyvale,Intro,6,10,2,2016
,Sunnyvale,Intro,6,10,3,2016
,Sunnyvale,Intro,6,10,4,2016
,Sunnyvale,Intro,6,6,4,2016
,Sunnyvale,Intro,6,8,3,2016
,Sunnyvale,Intro,6,8,3,2016
,Sunnyvale,Intro,6,8,3,2016
,Sunnyvale,Intro,6,8,3,2016
,Sunnyvale,Intro,6,10,3,2016
,Sunnyvale,Intro,6,8,2,2016
,Taipei,,6,10,3,2016
,Taipei,,6,10,4,2016
,Taipei,,6,10,3,2016
,Taipei,,6,10,3,2016
,Taipei,,6,8,3,2016
,Taipei,,6,8,3,2016
,Taipei,,6,6,4,2016
,Taipei,,6,6,3,2016
,Taipei,,6,10,2,2016
,Taipei,,6,8,4,2016
,Taipei,,6,10,4,2016
,Taipei,,6,10,3,2016
,Tokyo,,6,6,4,2016
,Tokyo,,6,8,3,2016
,Tokyo,,6,8,1,2016
,Tokyo,,6,8,2,2016
,Tokyo,,6,10,4,2016
,Tokyo,,6,6,3,2016
,Tokyo,,6,10,5,2016
,Tokyo,,6,8,2,2016
,Tokyo,,6,6,4,2016
,Tokyo,,6,10,3,2016
,Tokyo,,6,10,3,2016
,Tokyo,,6,8,4,2016
,Tokyo,,6,8,3,2016
,Los Angeles,Intro,7,6,2,2016
,Los Angeles,Intro,7,10,3,2016
,Los Angeles,Games,7,8,2,2016
,Los Angeles,Intro,7,8,3,2016
,Los Angeles,Games,7,8,3,2016
,Los Angeles,Games,7,10,3,2016
,Los Angeles,Intro,7,8,4,2016
,Los Angeles,Games,7,10,3,2016
,Los Angeles,Games,7,10,3,2016
,New York City,Apps,7,6,3,2016
,New York City,Apps,7,10,3,2016
,New York City,Games,7,10,3,2016
,New York City,Games,7,8,3,2016
,New York City,Apps,7,8,3,2016
,New York City,Intro,7,8,4,2016
,New York City,Apps,7,10,3,2016
,New York City,Games,7,10,4,2016
,New York City,Games,7,8,3,2016
,New York City,Apps,7,8,3,2016
,New York City,Intro,7,10,3,2016
,New York City,Games,7,6,3,2016
,New York City,Games,7,10,4,2016
,New York City,Apps,7,8,3,2016
,New York City,Intro,7,8,3,2016
,New York City,Apps,7,8,3,2016
,New York City,Intro,7,10,4,2016
,San Francisco,Apps,7,10,5,2016
,San Francisco,Apps,7,6,3,2016
,San Francisco,Apps,7,10,3,2016
,San Francisco,Apps,7,10,4,2016
,San Francisco,Apps,7,8,3,2016
,San Francisco,Apps,7,10,3,2016
,San Francisco,Apps,7,10,3,2016
,San Francisco,Apps,7,8,4,2016
,San Francisco,Games,7,10,3,2016
,San Francisco,Games,7,10,4,2016
,San Francisco,Intro,7,8,3,2016
,San Francisco,Intro,7,8,4,2016
,San Francisco,Intro,7,10,3,2016
,San Francisco,Intro,7,10,3,2016
,San Francisco,Intro,7,8,5,2016
,San Francisco,VR,7,10,3,2016
,San Francisco,VR,7,2,3,2016
,San Francisco,VR,7,6,5,2016
,San Francisco,VR,7,4,2,2016
,Sunnyvale,Apps,7,6,3,2016
,Sunnyvale,Apps,7,10,3,2016
,Sunnyvale,Apps,7,6,3,2016
,Sunnyvale,Apps,7,8,3,2016
,Sunnyvale,Apps,7,8,3,2016
,Sunnyvale,Apps,7,8,3,2016
,Sunnyvale,Apps,7,6,3,2016
,Sunnyvale,Apps,7,6,3,2016
,Sunnyvale,Apps,7,10,3,2016
,Sunnyvale,Apps,7,8,4,2016
,Sunnyvale,Apps,7,8,3,2016
,Sunnyvale,Apps,7,8,3,2016
,Sunnyvale,Apps,7,8,3,2016
,Sunnyvale,Apps,7,10,3,2016
,Sunnyvale,Apps,7,8,3,2016
,Sunnyvale,Apps,7,6,1,2016
,Sunnyvale,Apps,7,10,2,2016
,Sunnyvale,Apps,7,10,3,2016
,Sunnyvale,Apps,7,6,3,2016
,Sunnyvale,Apps,7,8,3,2016
,Sunnyvale,Apps,7,4,3,2016
,Sunnyvale,Apps,7,6,3,2016
,Sunnyvale,Apps,7,6,4,2016
,Sunnyvale,Apps,7,10,5,2016
,Sunnyvale,Games,7,10,4,2016
,Sunnyvale,Games,7,6,3,2016
,Sunnyvale,Games,7,10,3,2016
,Sunnyvale,Games,7,10,4,2016
,Sunnyvale,Games,7,10,5,2016
,Sunnyvale,Games,7,8,3,2016
,Sunnyvale,Games,7,8,3,2016
,Sunnyvale,Games,7,10,3,2016
,Sunnyvale,Games,7,8,4,2016
,Sunnyvale,Games,7,10,3,2016
,Sunnyvale,Games,7,6,3,2016
,Sunnyvale,Intro,7,8,4,2016
,Sunnyvale,Intro,7,8,3,2016
,Sunnyvale,Intro,7,10,3,2016
,Sunnyvale,Intro,7,10,3,2016
,Sunnyvale,Intro,7,10,3,2016
,Sunnyvale,Intro,7,10,3,2016
,Sunnyvale,Intro,7,10,4,2016
,Sunnyvale,Intro,7,8,4,2016
,Sunnyvale,Intro,7,8,3,2016
,Sunnyvale,Intro,7,10,3,2016
,Sunnyvale,Intro,7,8,2,2016
,Sunnyvale,Apps,7,6,3,2016
,Taipei,,7,6,3,2016
,Taipei,,7,8,3,2016
,Taipei,,7,8,3,2016
,Taipei,,7,8,4,2016
,Taipei,,7,10,4,2016
,Taipei,,7,8,3,2016
,Taipei,,7,8,3,2016
,Taipei,,7,10,3,2016
,Taipei,,7,10,3,2016
,Taipei,,7,10,3,2016
,Taipei,,7,6,3,2016
